Private recovery vault: /Users/zydon/Library/.macdown-audit-vault.8znky4qo
Command line invocation:
    /Applications/Xcode.app/Contents/Developer/usr/bin/xcodebuild test -workspace "MacDown 3000.xcworkspace" -scheme MacDown -derivedDataPath build/AuditCampaign03 -destination platform=macOS,arch=arm64 CODE_SIGNING_ALLOWED=YES CODE_SIGN_IDENTITY=- "-only-testing:MacDownTests/MPFormattingScopeMenuTests" "-only-testing:MacDownTests/MPZoomTests" "-only-testing:MacDownTests/MPPreviewZoomTests"

Build settings from command line:
    CODE_SIGN_IDENTITY = -
    CODE_SIGNING_ALLOWED = YES

note: Using codesigning identity override: -
ComputePackagePrebuildTargetDependencyGraph

Prepare packages

CreateBuildRequest

SendProjectDescription

CreateBuildOperation

ComputeTargetDependencyGraph
note: Building targets in dependency order
note: Target dependency graph (23 targets)
    Target 'MacDownTests' in project 'MacDown 3000'
        ➜ Explicit dependency on target 'MacDown' in project 'MacDown 3000'
        ➜ Implicit dependency on target 'Pods-MacDownTests' in project 'Pods' via file 'libPods-MacDownTests.a' in build phase 'Link Binary'
        ➜ Implicit dependency on target 'PAPreferences' in project 'Pods' via options '-lPAPreferences' in build setting 'OTHER_LDFLAGS'
        ➜ Implicit dependency on target 'hoedown' in project 'Pods' via options '-lhoedown' in build setting 'OTHER_LDFLAGS'
    Target 'Pods-MacDownTests' in project 'Pods'
        ➜ Explicit dependency on target 'PAPreferences' in project 'Pods'
        ➜ Explicit dependency on target 'hoedown' in project 'Pods'
    Target 'MacDown' in project 'MacDown 3000'
        ➜ Explicit dependency on target 'MacDownResources' in project 'MacDown 3000'
        ➜ Explicit dependency on target 'macdown-cmd' in project 'MacDown 3000'
        ➜ Explicit dependency on target 'peg-markdown-highlight' in project 'peg-markdown-highlight'
        ➜ Explicit dependency on target 'MacDownQuickLook' in project 'MacDown 3000'
        ➜ Implicit dependency on target 'Pods-MacDown' in project 'Pods' via file 'libPods-MacDown.a' in build phase 'Link Binary'
        ➜ Implicit dependency on target 'JJPluralForm' in project 'Pods' via options '-lJJPluralForm' in build setting 'OTHER_LDFLAGS'
        ➜ Implicit dependency on target 'LibYAML' in project 'Pods' via options '-lLibYAML' in build setting 'OTHER_LDFLAGS'
        ➜ Implicit dependency on target 'M13OrderedDictionary' in project 'Pods' via options '-lM13OrderedDictionary' in build setting 'OTHER_LDFLAGS'
        ➜ Implicit dependency on target 'MASPreferences' in project 'Pods' via options '-lMASPreferences' in build setting 'OTHER_LDFLAGS'
        ➜ Implicit dependency on target 'PAPreferences' in project 'Pods' via options '-lPAPreferences' in build setting 'OTHER_LDFLAGS'
        ➜ Implicit dependency on target 'handlebars-objc' in project 'Pods' via options '-lhandlebars-objc' in build setting 'OTHER_LDFLAGS'
        ➜ Implicit dependency on target 'hoedown' in project 'Pods' via options '-lhoedown' in build setting 'OTHER_LDFLAGS'
    Target 'Pods-MacDown' in project 'Pods'
        ➜ Explicit dependency on target 'JJPluralForm' in project 'Pods'
        ➜ Explicit dependency on target 'LibYAML' in project 'Pods'
        ➜ Explicit dependency on target 'M13OrderedDictionary' in project 'Pods'
        ➜ Explicit dependency on target 'MASPreferences' in project 'Pods'
        ➜ Explicit dependency on target 'PAPreferences' in project 'Pods'
        ➜ Explicit dependency on target 'Sparkle' in project 'Pods'
        ➜ Explicit dependency on target 'handlebars-objc' in project 'Pods'
        ➜ Explicit dependency on target 'hoedown' in project 'Pods'
    Target 'Sparkle' in project 'Pods' (no dependencies)
    Target 'PAPreferences' in project 'Pods' (no dependencies)
    Target 'MASPreferences' in project 'Pods'
        ➜ Explicit dependency on target 'MASPreferences-MASPreferences' in project 'Pods'
    Target 'MASPreferences-MASPreferences' in project 'Pods' (no dependencies)
    Target 'M13OrderedDictionary' in project 'Pods' (no dependencies)
    Target 'LibYAML' in project 'Pods' (no dependencies)
    Target 'JJPluralForm' in project 'Pods' (no dependencies)
    Target 'MacDownQuickLook' in project 'MacDown 3000'
        ➜ Explicit dependency on target 'MacDownCore' in project 'MacDown 3000'
        ➜ Implicit dependency on target 'Pods-MacDownQuickLook' in project 'Pods' via file 'libPods-MacDownQuickLook.a' in build phase 'Link Binary'
    Target 'Pods-MacDownQuickLook' in project 'Pods' (no dependencies)
    Target 'MacDownCore' in project 'MacDown 3000'
        ➜ Explicit dependency on target 'MacDownResources' in project 'MacDown 3000'
        ➜ Implicit dependency on target 'Pods-MacDownCore' in project 'Pods' via file 'libPods-MacDownCore.a' in build phase 'Link Binary'
        ➜ Implicit dependency on target 'handlebars-objc' in project 'Pods' via options '-lhandlebars-objc' in build setting 'OTHER_LDFLAGS'
        ➜ Implicit dependency on target 'hoedown' in project 'Pods' via options '-lhoedown' in build setting 'OTHER_LDFLAGS'
    Target 'Pods-MacDownCore' in project 'Pods'
        ➜ Explicit dependency on target 'handlebars-objc' in project 'Pods'
        ➜ Explicit dependency on target 'hoedown' in project 'Pods'
    Target 'hoedown' in project 'Pods' (no dependencies)
    Target 'handlebars-objc' in project 'Pods' (no dependencies)
    Target 'peg-markdown-highlight' in project 'peg-markdown-highlight' (no dependencies)
    Target 'macdown-cmd' in project 'MacDown 3000'
        ➜ Explicit dependency on target 'version' in project 'version'
        ➜ Implicit dependency on target 'Pods-macdown-cmd' in project 'Pods' via file 'libPods-macdown-cmd.a' in build phase 'Link Binary'
        ➜ Implicit dependency on target 'GBCli' in project 'Pods' via options '-lGBCli' in build setting 'OTHER_LDFLAGS'
    Target 'Pods-macdown-cmd' in project 'Pods'
        ➜ Explicit dependency on target 'GBCli' in project 'Pods'
    Target 'GBCli' in project 'Pods' (no dependencies)
    Target 'version' in project 'version' (no dependencies)
    Target 'MacDownResources' in project 'MacDown 3000' (no dependencies)

GatherProvisioningInputs

CreateBuildDescription

ExecuteExternalTool /Applications/Xcode.app/Contents/Developer/Toolchains/XcodeDefault.xctoolchain/usr/bin/clang -v -E -dM -isysroot /Applications/Xcode.app/Contents/Developer/Platforms/MacOSX.platform/Developer/SDKs/MacOSX26.2.sdk -x c -c /dev/null

ExecuteExternalTool /Applications/Xcode.app/Contents/Developer/Toolchains/XcodeDefault.xctoolchain/usr/bin/clang -v -E -dM -arch arm64 -isysroot /Applications/Xcode.app/Contents/Developer/Platforms/MacOSX.platform/Developer/SDKs/MacOSX26.2.sdk -x objective-c -c /dev/null

ExecuteExternalTool /Applications/Xcode.app/Contents/Developer/Toolchains/XcodeDefault.xctoolchain/usr/bin/clang -v -E -dM -arch arm64 -isysroot /Applications/Xcode.app/Contents/Developer/Platforms/MacOSX.platform/Developer/SDKs/MacOSX26.2.sdk -x c -c /dev/null

ExecuteExternalTool /Applications/Xcode.app/Contents/Developer/usr/bin/ibtool --version --output-format xml1

ExecuteExternalTool /Applications/Xcode.app/Contents/Developer/Toolchains/XcodeDefault.xctoolchain/usr/bin/libtool -V

ExecuteExternalTool /Applications/Xcode.app/Contents/Developer/Toolchains/XcodeDefault.xctoolchain/usr/bin/ld -version_details

ExecuteExternalTool /Applications/Xcode.app/Contents/Developer/usr/bin/actool --version --output-format xml1

Build description signature: 55424ede7a464b149613c6d4fc2c831a
Build description path: /Users/zydon/Sites/MacDown/build/AuditCampaign03/Build/Intermediates.noindex/XCBuildData/55424ede7a464b149613c6d4fc2c831a.xcbuilddata
note: Run script build phase 'Fetch Prism Resources' will be run during every build because the option to run the script phase "Based on dependency analysis" is unchecked. (in target 'MacDownResources' from project 'MacDown 3000')
note: Run script build phase 'Transpile Styles' will be run during every build because the option to run the script phase "Based on dependency analysis" is unchecked. (in target 'MacDownResources' from project 'MacDown 3000')
PhaseScriptExecution Fetch\ Prism\ Resources /Users/zydon/Sites/MacDown/build/AuditCampaign03/Build/Intermediates.noindex/MacDown\ 3000.build/Debug/MacDownResources.build/Script-1FF16580199A6C950080D9A5.sh (in target 'MacDownResources' from project 'MacDown 3000')
    cd /Users/zydon/Sites/MacDown
    /bin/sh -c /Users/zydon/Sites/MacDown/build/AuditCampaign03/Build/Intermediates.noindex/MacDown\\\ 3000.build/Debug/MacDownResources.build/Script-1FF16580199A6C950080D9A5.sh

PhaseScriptExecution Transpile\ Styles /Users/zydon/Sites/MacDown/build/AuditCampaign03/Build/Intermediates.noindex/MacDown\ 3000.build/Debug/MacDownResources.build/Script-E7FD807B2106CA8F0087F0A8.sh (in target 'MacDownResources' from project 'MacDown 3000')
    cd /Users/zydon/Sites/MacDown
    /bin/sh -c /Users/zydon/Sites/MacDown/build/AuditCampaign03/Build/Intermediates.noindex/MacDown\\\ 3000.build/Debug/MacDownResources.build/Script-E7FD807B2106CA8F0087F0A8.sh
make: Nothing to be done for `all'.

ProcessProductPackaging "" /Users/zydon/Sites/MacDown/build/AuditCampaign03/Build/Intermediates.noindex/Pods.build/Debug/hoedown.build/libhoedown.a.xcent (in target 'hoedown' from project 'Pods')
    cd /Users/zydon/Sites/MacDown/Pods
    
    Entitlements:
    
    {
    "com.apple.application-identifier" = "org.cocoapods.hoedown";
}
    
    builtin-productPackagingUtility -entitlements -format xml -o /Users/zydon/Sites/MacDown/build/AuditCampaign03/Build/Intermediates.noindex/Pods.build/Debug/hoedown.build/libhoedown.a.xcent

ProcessProductPackagingDER /Users/zydon/Sites/MacDown/build/AuditCampaign03/Build/Intermediates.noindex/Pods.build/Debug/hoedown.build/libhoedown.a.xcent /Users/zydon/Sites/MacDown/build/AuditCampaign03/Build/Intermediates.noindex/Pods.build/Debug/hoedown.build/libhoedown.a.xcent.der (in target 'hoedown' from project 'Pods')
    cd /Users/zydon/Sites/MacDown/Pods
    /usr/bin/derq query -f xml -i /Users/zydon/Sites/MacDown/build/AuditCampaign03/Build/Intermediates.noindex/Pods.build/Debug/hoedown.build/libhoedown.a.xcent -o /Users/zydon/Sites/MacDown/build/AuditCampaign03/Build/Intermediates.noindex/Pods.build/Debug/hoedown.build/libhoedown.a.xcent.der --raw

ClangStatCache /Applications/Xcode.app/Contents/Developer/Toolchains/XcodeDefault.xctoolchain/usr/bin/clang-stat-cache /Applications/Xcode.app/Contents/Developer/Platforms/MacOSX.platform/Developer/SDKs/MacOSX26.2.sdk /Users/zydon/Sites/MacDown/build/AuditCampaign03/SDKStatCaches.noindex/macosx26.2-25C57-00fa09913b459cbbc988d1f6730289ae.sdkstatcache
    cd /Users/zydon/Sites/MacDown
    /Applications/Xcode.app/Contents/Developer/Toolchains/XcodeDefault.xctoolchain/usr/bin/clang-stat-cache /Applications/Xcode.app/Contents/Developer/Platforms/MacOSX.platform/Developer/SDKs/MacOSX26.2.sdk -o /Users/zydon/Sites/MacDown/build/AuditCampaign03/SDKStatCaches.noindex/macosx26.2-25C57-00fa09913b459cbbc988d1f6730289ae.sdkstatcache

CodeSign /Users/zydon/Sites/MacDown/build/AuditCampaign03/Build/Products/Debug/hoedown/libhoedown.a (in target 'hoedown' from project 'Pods')
    cd /Users/zydon/Sites/MacDown/Pods
    
    Signing Identity:     "Sign to Run Locally"
    
    /usr/bin/codesign --force --sign - --entitlements /Users/zydon/Sites/MacDown/build/AuditCampaign03/Build/Intermediates.noindex/Pods.build/Debug/hoedown.build/libhoedown.a.xcent --timestamp\=none --generate-entitlement-der /Users/zydon/Sites/MacDown/build/AuditCampaign03/Build/Products/Debug/hoedown/libhoedown.a
/Users/zydon/Sites/MacDown/build/AuditCampaign03/Build/Products/Debug/hoedown/libhoedown.a: replacing existing signature

ProcessProductPackaging "" /Users/zydon/Sites/MacDown/build/AuditCampaign03/Build/Intermediates.noindex/Pods.build/Debug/handlebars-objc.build/libhandlebars-objc.a.xcent (in target 'handlebars-objc' from project 'Pods')
    cd /Users/zydon/Sites/MacDown/Pods
    
    Entitlements:
    
    {
    "com.apple.application-identifier" = "org.cocoapods.handlebars-objc";
}
    
    builtin-productPackagingUtility -entitlements -format xml -o /Users/zydon/Sites/MacDown/build/AuditCampaign03/Build/Intermediates.noindex/Pods.build/Debug/handlebars-objc.build/libhandlebars-objc.a.xcent

ProcessProductPackagingDER /Users/zydon/Sites/MacDown/build/AuditCampaign03/Build/Intermediates.noindex/Pods.build/Debug/handlebars-objc.build/libhandlebars-objc.a.xcent /Users/zydon/Sites/MacDown/build/AuditCampaign03/Build/Intermediates.noindex/Pods.build/Debug/handlebars-objc.build/libhandlebars-objc.a.xcent.der (in target 'handlebars-objc' from project 'Pods')
    cd /Users/zydon/Sites/MacDown/Pods
    /usr/bin/derq query -f xml -i /Users/zydon/Sites/MacDown/build/AuditCampaign03/Build/Intermediates.noindex/Pods.build/Debug/handlebars-objc.build/libhandlebars-objc.a.xcent -o /Users/zydon/Sites/MacDown/build/AuditCampaign03/Build/Intermediates.noindex/Pods.build/Debug/handlebars-objc.build/libhandlebars-objc.a.xcent.der --raw

CodeSign /Users/zydon/Sites/MacDown/build/AuditCampaign03/Build/Products/Debug/handlebars-objc/libhandlebars-objc.a (in target 'handlebars-objc' from project 'Pods')
    cd /Users/zydon/Sites/MacDown/Pods
    
    Signing Identity:     "Sign to Run Locally"
    
    /usr/bin/codesign --force --sign - --entitlements /Users/zydon/Sites/MacDown/build/AuditCampaign03/Build/Intermediates.noindex/Pods.build/Debug/handlebars-objc.build/libhandlebars-objc.a.xcent --timestamp\=none --generate-entitlement-der /Users/zydon/Sites/MacDown/build/AuditCampaign03/Build/Products/Debug/handlebars-objc/libhandlebars-objc.a
/Users/zydon/Sites/MacDown/build/AuditCampaign03/Build/Products/Debug/handlebars-objc/libhandlebars-objc.a: replacing existing signature

ProcessProductPackaging "" /Users/zydon/Sites/MacDown/build/AuditCampaign03/Build/Intermediates.noindex/Pods.build/Debug/Pods-MacDownCore.build/libPods-MacDownCore.a.xcent (in target 'Pods-MacDownCore' from project 'Pods')
    cd /Users/zydon/Sites/MacDown/Pods
    
    Entitlements:
    
    {
    "com.apple.application-identifier" = "org.cocoapods.Pods-MacDownCore";
}
    
    builtin-productPackagingUtility -entitlements -format xml -o /Users/zydon/Sites/MacDown/build/AuditCampaign03/Build/Intermediates.noindex/Pods.build/Debug/Pods-MacDownCore.build/libPods-MacDownCore.a.xcent

ProcessProductPackagingDER /Users/zydon/Sites/MacDown/build/AuditCampaign03/Build/Intermediates.noindex/Pods.build/Debug/Pods-MacDownCore.build/libPods-MacDownCore.a.xcent /Users/zydon/Sites/MacDown/build/AuditCampaign03/Build/Intermediates.noindex/Pods.build/Debug/Pods-MacDownCore.build/libPods-MacDownCore.a.xcent.der (in target 'Pods-MacDownCore' from project 'Pods')
    cd /Users/zydon/Sites/MacDown/Pods
    /usr/bin/derq query -f xml -i /Users/zydon/Sites/MacDown/build/AuditCampaign03/Build/Intermediates.noindex/Pods.build/Debug/Pods-MacDownCore.build/libPods-MacDownCore.a.xcent -o /Users/zydon/Sites/MacDown/build/AuditCampaign03/Build/Intermediates.noindex/Pods.build/Debug/Pods-MacDownCore.build/libPods-MacDownCore.a.xcent.der --raw

CodeSign /Users/zydon/Sites/MacDown/build/AuditCampaign03/Build/Products/Debug/libPods-MacDownCore.a (in target 'Pods-MacDownCore' from project 'Pods')
    cd /Users/zydon/Sites/MacDown/Pods
    
    Signing Identity:     "Sign to Run Locally"
    
    /usr/bin/codesign --force --sign - --entitlements /Users/zydon/Sites/MacDown/build/AuditCampaign03/Build/Intermediates.noindex/Pods.build/Debug/Pods-MacDownCore.build/libPods-MacDownCore.a.xcent --timestamp\=none --generate-entitlement-der /Users/zydon/Sites/MacDown/build/AuditCampaign03/Build/Products/Debug/libPods-MacDownCore.a
/Users/zydon/Sites/MacDown/build/AuditCampaign03/Build/Products/Debug/libPods-MacDownCore.a: replacing existing signature

/Users/zydon/Sites/MacDown/MacDown 3000.xcodeproj: warning: tasks in 'Copy Headers' are delayed by unsandboxed script phases; set ENABLE_USER_SCRIPT_SANDBOXING=YES to enable sandboxing (in target 'MacDownCore' from project 'MacDown 3000')
note: Run script build phase 'Copy Styles and Prism Resources' will be run during every build because the option to run the script phase "Based on dependency analysis" is unchecked. (in target 'MacDownCore' from project 'MacDown 3000')
PhaseScriptExecution [CP]\ Check\ Pods\ Manifest.lock /Users/zydon/Sites/MacDown/build/AuditCampaign03/Build/Intermediates.noindex/MacDown\ 3000.build/Debug/MacDownCore.build/Script-3FE464D54AEF370ED9587A37.sh (in target 'MacDownCore' from project 'MacDown 3000')
    cd /Users/zydon/Sites/MacDown
    /bin/sh -c /Users/zydon/Sites/MacDown/build/AuditCampaign03/Build/Intermediates.noindex/MacDown\\\ 3000.build/Debug/MacDownCore.build/Script-3FE464D54AEF370ED9587A37.sh

PhaseScriptExecution Copy\ Styles\ and\ Prism\ Resources /Users/zydon/Sites/MacDown/build/AuditCampaign03/Build/Intermediates.noindex/MacDown\ 3000.build/Debug/MacDownCore.build/Script-BEB0B6E41738E30D57F17F34.sh (in target 'MacDownCore' from project 'MacDown 3000')
    cd /Users/zydon/Sites/MacDown
    export ACTION\=build
    export AD_HOC_CODE_SIGNING_ALLOWED\=YES
    export ALLOW_BUILD_REQUEST_OVERRIDES\=NO
    export ALLOW_TARGET_PLATFORM_SPECIALIZATION\=NO
    export ALTERNATE_GROUP\=staff
    export ALTERNATE_MODE\=u+w,go-w,a+rX
    export ALTERNATE_OWNER\=zydon
    export ALTERNATIVE_DISTRIBUTION_WEB\=NO
    export ALWAYS_EMBED_SWIFT_STANDARD_LIBRARIES\=NO
    export ALWAYS_SEARCH_USER_PATHS\=NO
    export ALWAYS_USE_SEPARATE_HEADERMAPS\=NO
    export APPLICATION_EXTENSION_API_ONLY\=NO
    export APPLY_RULES_IN_COPY_FILES\=NO
    export APPLY_RULES_IN_COPY_HEADERS\=NO
    export APP_SHORTCUTS_ENABLE_FLEXIBLE_MATCHING\=YES
    export ARCHS\=arm64
    export ARCHS_STANDARD\=arm64\ x86_64
    export ARCHS_STANDARD_32_64_BIT\=arm64\ x86_64\ i386
    export ARCHS_STANDARD_32_BIT\=i386
    export ARCHS_STANDARD_64_BIT\=arm64\ x86_64
    export ARCHS_STANDARD_INCLUDING_64_BIT\=arm64\ x86_64
    export AUTOMATICALLY_MERGE_DEPENDENCIES\=NO
    export AUTOMATION_APPLE_EVENTS\=NO
    export AVAILABLE_PLATFORMS\=android\ appletvos\ appletvsimulator\ driverkit\ iphoneos\ iphonesimulator\ macosx\ qnx\ watchos\ watchsimulator\ webassembly\ xros\ xrsimulator
    export BUILD_ACTIVE_RESOURCES_ONLY\=NO
    export BUILD_COMPONENTS\=headers\ build
    export BUILD_DIR\=/Users/zydon/Sites/MacDown/build/AuditCampaign03/Build/Products
    export BUILD_LIBRARY_FOR_DISTRIBUTION\=NO
    export BUILD_ROOT\=/Users/zydon/Sites/MacDown/build/AuditCampaign03/Build/Products
    export BUILD_STYLE\=
    export BUILD_VARIANTS\=normal
    export BUILT_PRODUCTS_DIR\=/Users/zydon/Sites/MacDown/build/AuditCampaign03/Build/Products/Debug
    export BUNDLE_CONTENTS_FOLDER_PATH\=Contents/
    export BUNDLE_CONTENTS_FOLDER_PATH_deep\=Contents/
    export BUNDLE_EXECUTABLE_FOLDER_NAME_deep\=MacOS
    export BUNDLE_EXECUTABLE_FOLDER_PATH\=Contents/MacOS
    export BUNDLE_EXTENSIONS_FOLDER_PATH\=Contents/Extensions
    export BUNDLE_FORMAT\=deep
    export BUNDLE_FRAMEWORKS_FOLDER_PATH\=Contents/Frameworks
    export BUNDLE_PLUGINS_FOLDER_PATH\=Contents/PlugIns
    export BUNDLE_PRIVATE_HEADERS_FOLDER_PATH\=Contents/PrivateHeaders
    export BUNDLE_PUBLIC_HEADERS_FOLDER_PATH\=Contents/Headers
    export CACHE_ROOT\=/var/folders/sl/qh_kc_kn1r732kw2tsj7z5xh0000gn/C/com.apple.DeveloperTools/26.2-17C52/Xcode
    export CCHROOT\=/var/folders/sl/qh_kc_kn1r732kw2tsj7z5xh0000gn/C/com.apple.DeveloperTools/26.2-17C52/Xcode
    export CHMOD\=/bin/chmod
    export CHOWN\=/usr/sbin/chown
    export CLANG_ANALYZER_LOCALIZABILITY_NONLOCALIZED\=YES
    export CLANG_CACHE_FINE_GRAINED_OUTPUTS\=YES
    export CLANG_CXX_LANGUAGE_STANDARD\=gnu++0x
    export CLANG_CXX_LIBRARY\=libc++
    export CLANG_ENABLE_EXPLICIT_MODULES\=YES
    export CLANG_ENABLE_MODULES\=YES
    export CLANG_ENABLE_OBJC_ARC\=YES
    export CLANG_MODULES_BUILD_SESSION_FILE\=/Users/zydon/Sites/MacDown/build/AuditCampaign03/ModuleCache.noindex/Session.modulevalidation
    export CLANG_WARN_BLOCK_CAPTURE_AUTORELEASING\=YES
    export CLANG_WARN_BOOL_CONVERSION\=YES
    export CLANG_WARN_COMMA\=YES
    export CLANG_WARN_CONSTANT_CONVERSION\=YES
    export CLANG_WARN_DIRECT_OBJC_ISA_USAGE\=YES_ERROR
    export CLANG_WARN_EMPTY_BODY\=YES
    export CLANG_WARN_ENUM_CONVERSION\=YES
    export CLANG_WARN_INFINITE_RECURSION\=YES
    export CLANG_WARN_INT_CONVERSION\=YES
    export CLANG_WARN_NON_LITERAL_NULL_CONVERSION\=YES
    export CLANG_WARN_OBJC_LITERAL_CONVERSION\=YES
    export CLANG_WARN_OBJC_ROOT_CLASS\=YES_ERROR
    export CLANG_WARN_QUOTED_INCLUDE_IN_FRAMEWORK_HEADER\=NO
    export CLANG_WARN_RANGE_LOOP_ANALYSIS\=YES
    export CLANG_WARN_STRICT_PROTOTYPES\=YES
    export CLANG_WARN_SUSPICIOUS_MOVE\=YES
    export CLANG_WARN_UNREACHABLE_CODE\=YES
    export CLANG_WARN__DUPLICATE_METHOD_MATCH\=YES
    export CLASS_FILE_DIR\=/Users/zydon/Sites/MacDown/build/AuditCampaign03/Build/Intermediates.noindex/MacDown\ 3000.build/Debug/MacDownCore.build/JavaClasses
    export CLEAN_PRECOMPS\=YES
    export CLONE_HEADERS\=NO
    export CODESIGNING_FOLDER_PATH\=/Users/zydon/Sites/MacDown/build/AuditCampaign03/Build/Products/Debug/MacDownCore.framework/Versions/A
    export CODE_SIGNING_ALLOWED\=YES
    export CODE_SIGNING_REQUIRED\=NO
    export CODE_SIGNING_REQUIRES_TEAM\=YES
    export CODE_SIGN_IDENTITY\=-
    export CODE_SIGN_IDENTITY_NO\=Apple\ Development
    export CODE_SIGN_IDENTITY_YES\=-
    export CODE_SIGN_INJECT_BASE_ENTITLEMENTS\=YES
    export COLOR_DIAGNOSTICS\=NO
    export COMBINE_HIDPI_IMAGES\=YES
    export COMPILATION_CACHE_CAS_PATH\=/Users/zydon/Sites/MacDown/build/AuditCampaign03/CompilationCache.noindex
    export COMPILATION_CACHE_KEEP_CAS_DIRECTORY\=YES
    export COMPILER_INDEX_STORE_ENABLE\=Default
    export COMPOSITE_SDK_DIRS\=/Users/zydon/Sites/MacDown/build/AuditCampaign03/Build/Intermediates.noindex/CompositeSDKs
    export COMPRESS_PNG_FILES\=NO
    export CONFIGURATION\=Debug
    export CONFIGURATION_BUILD_DIR\=/Users/zydon/Sites/MacDown/build/AuditCampaign03/Build/Products/Debug
    export CONFIGURATION_TEMP_DIR\=/Users/zydon/Sites/MacDown/build/AuditCampaign03/Build/Intermediates.noindex/MacDown\ 3000.build/Debug
    export CONTENTS_FOLDER_PATH\=MacDownCore.framework/Versions/A
    export CONTENTS_FOLDER_PATH_SHALLOW_BUNDLE_NO\=MacDownCore.framework/Versions/A
    export CONTENTS_FOLDER_PATH_SHALLOW_BUNDLE_YES\=MacDownCore.framework
    export COPYING_PRESERVES_HFS_DATA\=NO
    export COPY_HEADERS_RUN_UNIFDEF\=NO
    export COPY_PHASE_STRIP\=NO
    export CP\=/bin/cp
    export CREATE_INFOPLIST_SECTION_IN_BINARY\=NO
    export CURRENT_ARCH\=undefined_arch
    export CURRENT_PROJECT_VERSION\=0
    export CURRENT_VARIANT\=normal
    export CURRENT_VERSION\=Current
    export DEAD_CODE_STRIPPING\=NO
    export DEBUGGING_SYMBOLS\=YES
    export DEBUG_INFORMATION_FORMAT\=dwarf
    export DEBUG_INFORMATION_VERSION\=compiler-default
    export DEFAULT_COMPILER\=com.apple.compilers.llvm.clang.1_0
    export DEFAULT_DEXT_INSTALL_PATH\=/System/Library/DriverExtensions
    export DEFAULT_KEXT_INSTALL_PATH\=/System/Library/Extensions
    export DEFINES_MODULE\=YES
    export DEPLOYMENT_LOCATION\=NO
    export DEPLOYMENT_POSTPROCESSING\=NO
    export DEPLOYMENT_TARGET_SETTING_NAME\=MACOSX_DEPLOYMENT_TARGET
    export DEPLOYMENT_TARGET_SUGGESTED_VALUES\=10.13\ 10.14\ 10.15\ 11.0\ 11.1\ 11.2\ 11.3\ 11.4\ 11.5\ 12.0\ 12.2\ 12.3\ 12.4\ 13.0\ 13.1\ 13.2\ 13.3\ 13.4\ 13.5\ 14.0\ 14.1\ 14.2\ 14.3\ 14.4\ 14.5\ 14.6\ 15.0\ 15.1\ 15.2\ 15.3\ 15.4\ 15.5\ 15.6\ 26.0\ 26.1\ 26.2
    export DERIVED_FILES_DIR\=/Users/zydon/Sites/MacDown/build/AuditCampaign03/Build/Intermediates.noindex/MacDown\ 3000.build/Debug/MacDownCore.build/DerivedSources
    export DERIVED_FILE_DIR\=/Users/zydon/Sites/MacDown/build/AuditCampaign03/Build/Intermediates.noindex/MacDown\ 3000.build/Debug/MacDownCore.build/DerivedSources
    export DERIVED_SOURCES_DIR\=/Users/zydon/Sites/MacDown/build/AuditCampaign03/Build/Intermediates.noindex/MacDown\ 3000.build/Debug/MacDownCore.build/DerivedSources
    export DEVELOPER_APPLICATIONS_DIR\=/Applications/Xcode.app/Contents/Developer/Applications
    export DEVELOPER_BIN_DIR\=/Applications/Xcode.app/Contents/Developer/usr/bin
    export DEVELOPER_DIR\=/Applications/Xcode.app/Contents/Developer
    export DEVELOPER_FRAMEWORKS_DIR\=/Applications/Xcode.app/Contents/Developer/Library/Frameworks
    export DEVELOPER_FRAMEWORKS_DIR_QUOTED\=/Applications/Xcode.app/Contents/Developer/Library/Frameworks
    export DEVELOPER_LIBRARY_DIR\=/Applications/Xcode.app/Contents/Developer/Library
    export DEVELOPER_SDK_DIR\=/Applications/Xcode.app/Contents/Developer/Platforms/MacOSX.platform/Developer/SDKs
    export DEVELOPER_TOOLS_DIR\=/Applications/Xcode.app/Contents/Developer/Tools
    export DEVELOPER_USR_DIR\=/Applications/Xcode.app/Contents/Developer/usr
    export DEVELOPMENT_LANGUAGE\=en
    export DIAGNOSE_MISSING_TARGET_DEPENDENCIES\=YES
    export DIFF\=/usr/bin/diff
    export DOCUMENTATION_FOLDER_PATH\=MacDownCore.framework/Versions/A/Resources/en.lproj/Documentation
    export DONT_GENERATE_INFOPLIST_FILE\=NO
    export DSTROOT\=/tmp/MacDown\ 3000.dst
    export DT_TOOLCHAIN_DIR\=/Applications/Xcode.app/Contents/Developer/Toolchains/XcodeDefault.xctoolchain
    export DWARF_DSYM_FILE_NAME\=MacDownCore.framework.dSYM
    export DWARF_DSYM_FILE_SHOULD_ACCOMPANY_PRODUCT\=NO
    export DWARF_DSYM_FOLDER_PATH\=/Users/zydon/Sites/MacDown/build/AuditCampaign03/Build/Products/Debug
    export DYLIB_COMPATIBILITY_VERSION\=1
    export DYLIB_CURRENT_VERSION\=1
    export DYLIB_INSTALL_NAME_BASE\=@rpath
    export DYNAMIC_LIBRARY_EXTENSION\=dylib
    export EAGER_COMPILATION_ALLOW_SCRIPTS\=NO
    export EAGER_LINKING\=NO
    export EMBEDDED_CONTENT_CONTAINS_SWIFT\=NO
    export EMBEDDED_PROFILE_NAME\=embedded.provisionprofile
    export EMBED_ASSET_PACKS_IN_PRODUCT_BUNDLE\=NO
    export ENABLE_APP_SANDBOX\=NO
    export ENABLE_CODE_COVERAGE\=YES
    export ENABLE_CPLUSPLUS_BOUNDS_SAFE_BUFFERS\=NO
    export ENABLE_C_BOUNDS_SAFETY\=NO
    export ENABLE_DEBUG_DYLIB\=NO
    export ENABLE_DEFAULT_HEADER_SEARCH_PATHS\=YES
    export ENABLE_DEFAULT_SEARCH_PATHS\=YES
    export ENABLE_ENHANCED_SECURITY\=NO
    export ENABLE_HARDENED_RUNTIME\=NO
    export ENABLE_HEADER_DEPENDENCIES\=YES
    export ENABLE_INCOMING_NETWORK_CONNECTIONS\=NO
    export ENABLE_ON_DEMAND_RESOURCES\=NO
    export ENABLE_OUTGOING_NETWORK_CONNECTIONS\=NO
    export ENABLE_POINTER_AUTHENTICATION\=NO
    export ENABLE_PREVIEWS\=NO
    export ENABLE_RESOURCE_ACCESS_AUDIO_INPUT\=NO
    export ENABLE_RESOURCE_ACCESS_BLUETOOTH\=NO
    export ENABLE_RESOURCE_ACCESS_CALENDARS\=NO
    export ENABLE_RESOURCE_ACCESS_CAMERA\=NO
    export ENABLE_RESOURCE_ACCESS_CONTACTS\=NO
    export ENABLE_RESOURCE_ACCESS_LOCATION\=NO
    export ENABLE_RESOURCE_ACCESS_PHOTO_LIBRARY\=NO
    export ENABLE_RESOURCE_ACCESS_PRINTING\=NO
    export ENABLE_RESOURCE_ACCESS_USB\=NO
    export ENABLE_SDK_IMPORTS\=NO
    export ENABLE_SECURITY_COMPILER_WARNINGS\=NO
    export ENABLE_STRICT_OBJC_MSGSEND\=YES
    export ENABLE_TESTABILITY\=YES
    export ENABLE_TESTING_SEARCH_PATHS\=NO
    export ENABLE_USER_SCRIPT_SANDBOXING\=NO
    export ENABLE_XOJIT_PREVIEWS\=NO
    export ENFORCE_VALID_ARCHS\=YES
    export ENTITLEMENTS_DESTINATION\=Signature
    export ENTITLEMENTS_REQUIRED\=NO
    export EXCLUDED_INSTALLSRC_SUBDIRECTORY_PATTERNS\=.DS_Store\ .svn\ .git\ .hg\ CVS
    export EXCLUDED_RECURSIVE_SEARCH_PATH_SUBDIRECTORIES\=\*.nib\ \*.lproj\ \*.framework\ \*.gch\ \*.xcode\*\ \*.xcassets\ \*.icon\ \(\*\)\ .DS_Store\ CVS\ .svn\ .git\ .hg\ \*.pbproj\ \*.pbxproj
    export EXECUTABLES_FOLDER_PATH\=MacDownCore.framework/Versions/A/Resources/en.lproj
    export EXECUTABLE_FOLDER_PATH\=MacDownCore.framework/Versions/A
    export EXECUTABLE_FOLDER_PATH_SHALLOW_BUNDLE_NO\=MacDownCore.framework/Versions/A
    export EXECUTABLE_FOLDER_PATH_SHALLOW_BUNDLE_YES\=MacDownCore.framework/Versions/A
    export EXECUTABLE_NAME\=MacDownCore
    export EXECUTABLE_PATH\=MacDownCore.framework/Versions/A/MacDownCore
    export EXPANDED_CODE_SIGN_IDENTITY\=-
    export EXPANDED_CODE_SIGN_IDENTITY_NAME\=Sign\ to\ Run\ Locally
    export EXTENSIONS_FOLDER_PATH\=MacDownCore.framework/Versions/A/Extensions
    export FILE_LIST\=/Users/zydon/Sites/MacDown/build/AuditCampaign03/Build/Intermediates.noindex/MacDown\ 3000.build/Debug/MacDownCore.build/Objects/LinkFileList
    export FIXED_FILES_DIR\=/Users/zydon/Sites/MacDown/build/AuditCampaign03/Build/Intermediates.noindex/MacDown\ 3000.build/Debug/MacDownCore.build/FixedFiles
    export FRAMEWORKS_FOLDER_PATH\=MacDownCore.framework/Versions/A/Frameworks
    export FRAMEWORK_FLAG_PREFIX\=-framework
    export FRAMEWORK_SEARCH_PATHS\=/Users/zydon/Sites/MacDown/build/AuditCampaign03/Build/Products/Debug\ 
    export FRAMEWORK_VERSION\=A
    export FULL_PRODUCT_NAME\=MacDownCore.framework
    export FUSE_BUILD_PHASES\=YES
    export FUSE_BUILD_SCRIPT_PHASES\=NO
    export GCC3_VERSION\=3.3
    export GCC_C_LANGUAGE_STANDARD\=gnu99
    export GCC_DYNAMIC_NO_PIC\=NO
    export GCC_ENABLE_OBJC_EXCEPTIONS\=YES
    export GCC_INLINES_ARE_PRIVATE_EXTERN\=YES
    export GCC_NO_COMMON_BLOCKS\=YES
    export GCC_OPTIMIZATION_LEVEL\=0
    export GCC_PFE_FILE_C_DIALECTS\=c\ objective-c\ c++\ objective-c++
    export GCC_PREPROCESSOR_DEFINITIONS\=DEBUG\=1\ \ COCOAPODS\=1
    export GCC_SYMBOLS_PRIVATE_EXTERN\=NO
    export GCC_TREAT_WARNINGS_AS_ERRORS\=NO
    export GCC_VERSION\=com.apple.compilers.llvm.clang.1_0
    export GCC_VERSION_IDENTIFIER\=com_apple_compilers_llvm_clang_1_0
    export GCC_WARN_64_TO_32_BIT_CONVERSION\=YES
    export GCC_WARN_ABOUT_RETURN_TYPE\=YES_ERROR
    export GCC_WARN_UNDECLARED_SELECTOR\=YES
    export GCC_WARN_UNINITIALIZED_AUTOS\=YES_AGGRESSIVE
    export GCC_WARN_UNUSED_FUNCTION\=YES
    export GCC_WARN_UNUSED_VARIABLE\=YES
    export GENERATED_MODULEMAP_DIR\=/Users/zydon/Sites/MacDown/build/AuditCampaign03/Build/Intermediates.noindex/GeneratedModuleMaps
    export GENERATE_INFOPLIST_FILE\=NO
    export GENERATE_INTERMEDIATE_TEXT_BASED_STUBS\=YES
    export GENERATE_PKGINFO_FILE\=NO
    export GENERATE_PRELINK_OBJECT_FILE\=NO
    export GENERATE_PROFILING_CODE\=NO
    export GENERATE_TEXT_BASED_STUBS\=NO
    export GID\=20
    export GROUP\=staff
    export HEADERMAP_INCLUDES_FLAT_ENTRIES_FOR_TARGET_BEING_BUILT\=YES
    export HEADERMAP_INCLUDES_FRAMEWORK_ENTRIES_FOR_ALL_PRODUCT_TYPES\=YES
    export HEADERMAP_INCLUDES_FRAMEWORK_ENTRIES_FOR_TARGETS_NOT_BEING_BUILT\=YES
    export HEADERMAP_INCLUDES_NONPUBLIC_NONPRIVATE_HEADERS\=YES
    export HEADERMAP_INCLUDES_PROJECT_HEADERS\=YES
    export HEADERMAP_USES_FRAMEWORK_PREFIX_ENTRIES\=YES
    export HEADERMAP_USES_VFS\=YES
    export HEADER_SEARCH_PATHS\=/Users/zydon/Sites/MacDown/build/AuditCampaign03/Build/Products/Debug/include\ \ \"/Users/zydon/Sites/MacDown/Pods/Headers/Public\"\ \"/Users/zydon/Sites/MacDown/Pods/Headers/Public/GBCli\"\ \"/Users/zydon/Sites/MacDown/Pods/Headers/Public/JJPluralForm\"\ \"/Users/zydon/Sites/MacDown/Pods/Headers/Public/LibYAML\"\ \"/Users/zydon/Sites/MacDown/Pods/Headers/Public/M13OrderedDictionary\"\ \"/Users/zydon/Sites/MacDown/Pods/Headers/Public/MASPreferences\"\ \"/Users/zydon/Sites/MacDown/Pods/Headers/Public/PAPreferences\"\ \"/Users/zydon/Sites/MacDown/Pods/Headers/Public/handlebars-objc\"\ \"/Users/zydon/Sites/MacDown/Pods/Headers/Public/hoedown\"
    export HOME\=/Users/zydon/Library/.macdown-audit-vault.8znky4qo/fixture-home
    export HOST_ARCH\=arm64
    export HOST_PLATFORM\=macosx
    export ICONV\=/usr/bin/iconv
    export IMPLICIT_DEPENDENCY_DOMAIN\=default
    export INFOPLIST_ENABLE_CFBUNDLEICONS_MERGE\=YES
    export INFOPLIST_EXPAND_BUILD_SETTINGS\=YES
    export INFOPLIST_FILE\=MacDownCore/Info.plist
    export INFOPLIST_OUTPUT_FORMAT\=same-as-input
    export INFOPLIST_PATH\=MacDownCore.framework/Versions/A/Resources/Info.plist
    export INFOPLIST_PREPROCESS\=NO
    export INFOSTRINGS_PATH\=MacDownCore.framework/Versions/A/Resources/en.lproj/InfoPlist.strings
    export INLINE_PRIVATE_FRAMEWORKS\=NO
    export INSTALLAPI_IGNORE_SKIP_INSTALL\=YES
    export INSTALLHDRS_COPY_PHASE\=NO
    export INSTALLHDRS_SCRIPT_PHASE\=NO
    export INSTALL_DIR\=/tmp/MacDown\ 3000.dst/Library/Frameworks
    export INSTALL_GROUP\=staff
    export INSTALL_MODE_FLAG\=u+w,go-w,a+rX
    export INSTALL_OWNER\=zydon
    export INSTALL_PATH\=/Library/Frameworks
    export INSTALL_ROOT\=/tmp/MacDown\ 3000.dst
    export IOS_UNZIPPERED_TWIN_PREFIX_PATH\=/System/iOSSupport
    export IS_MACCATALYST\=NO
    export IS_UNOPTIMIZED_BUILD\=YES
    export JAVAC_DEFAULT_FLAGS\=-J-Xms64m\ -J-XX:NewSize\=4M\ -J-Dfile.encoding\=UTF8
    export JAVA_APP_STUB\=/System/Library/Frameworks/JavaVM.framework/Resources/MacOS/JavaApplicationStub
    export JAVA_ARCHIVE_CLASSES\=YES
    export JAVA_ARCHIVE_TYPE\=JAR
    export JAVA_COMPILER\=/usr/bin/javac
    export JAVA_FOLDER_PATH\=MacDownCore.framework/Versions/A/Resources/Java
    export JAVA_FRAMEWORK_RESOURCES_DIRS\=Resources
    export JAVA_JAR_FLAGS\=cv
    export JAVA_SOURCE_SUBDIR\=.
    export JAVA_USE_DEPENDENCIES\=YES
    export JAVA_ZIP_FLAGS\=-urg
    export JIKES_DEFAULT_FLAGS\=+E\ +OLDCSO
    export KASAN_CFLAGS_CLASSIC\=-DKASAN\=1\ -DKASAN_CLASSIC\=1\ -fsanitize\=address\ -mllvm\ -asan-globals-live-support\ -mllvm\ -asan-force-dynamic-shadow
    export KASAN_CFLAGS_TBI\=-DKASAN\=1\ -DKASAN_TBI\=1\ -fsanitize\=kernel-hwaddress\ -mllvm\ -hwasan-recover\=0\ -mllvm\ -hwasan-instrument-atomics\=0\ -mllvm\ -hwasan-instrument-stack\=1\ -mllvm\ -hwasan-generate-tags-with-calls\=1\ -mllvm\ -hwasan-instrument-with-calls\=1\ -mllvm\ -hwasan-use-short-granules\=0\ -mllvm\ -hwasan-memory-access-callback-prefix\=__asan_
    export KASAN_DEFAULT_CFLAGS\=-DKASAN\=1\ -DKASAN_CLASSIC\=1\ -fsanitize\=address\ -mllvm\ -asan-globals-live-support\ -mllvm\ -asan-force-dynamic-shadow
    export KEEP_PRIVATE_EXTERNS\=NO
    export LD_DEPENDENCY_INFO_FILE\=/Users/zydon/Sites/MacDown/build/AuditCampaign03/Build/Intermediates.noindex/MacDown\ 3000.build/Debug/MacDownCore.build/Objects-normal/undefined_arch/MacDownCore_dependency_info.dat
    export LD_DYLIB_INSTALL_NAME\=@rpath/MacDownCore.framework/Versions/A/MacDownCore
    export LD_EXPORT_SYMBOLS\=YES
    export LD_GENERATE_MAP_FILE\=NO
    export LD_MAP_FILE_PATH\=/Users/zydon/Sites/MacDown/build/AuditCampaign03/Build/Intermediates.noindex/MacDown\ 3000.build/Debug/MacDownCore.build/MacDownCore-LinkMap-normal-undefined_arch.txt
    export LD_NO_PIE\=NO
    export LD_QUOTE_LINKER_ARGUMENTS_FOR_COMPILER_DRIVER\=YES
    export LD_RUNPATH_SEARCH_PATHS\=\ @executable_path/../Frameworks\ @loader_path/Frameworks
    export LD_SHARED_CACHE_ELIGIBLE\=Automatic
    export LD_WARN_DUPLICATE_LIBRARIES\=NO
    export LD_WARN_UNUSED_DYLIBS\=NO
    export LEGACY_DEVELOPER_DIR\=/Applications/Xcode.app/Contents/PlugIns/Xcode3Core.ideplugin/Contents/SharedSupport/Developer
    export LEX\=lex
    export LIBRARY_DEXT_INSTALL_PATH\=/Library/DriverExtensions
    export LIBRARY_FLAG_NOSPACE\=YES
    export LIBRARY_FLAG_PREFIX\=-l
    export LIBRARY_KEXT_INSTALL_PATH\=/Library/Extensions
    export LIBRARY_SEARCH_PATHS\=/Users/zydon/Sites/MacDown/build/AuditCampaign03/Build/Products/Debug\ \ \"/Users/zydon/Sites/MacDown/build/AuditCampaign03/Build/Products/Debug/handlebars-objc\"\ \"/Users/zydon/Sites/MacDown/build/AuditCampaign03/Build/Products/Debug/hoedown\"
    export LINKER_DISPLAYS_MANGLED_NAMES\=NO
    export LINK_FILE_LIST_normal_arm64\=/Users/zydon/Sites/MacDown/build/AuditCampaign03/Build/Intermediates.noindex/MacDown\ 3000.build/Debug/MacDownCore.build/Objects-normal/arm64/MacDownCore.LinkFileList
    export LINK_OBJC_RUNTIME\=YES
    export LINK_WITH_STANDARD_LIBRARIES\=YES
    export LLVM_TARGET_TRIPLE_OS_VERSION\=macos11.0
    export LLVM_TARGET_TRIPLE_OS_VERSION_NO\=macos11.0
    export LLVM_TARGET_TRIPLE_OS_VERSION_YES\=macos26.2
    export LLVM_TARGET_TRIPLE_VENDOR\=apple
    export LM_AUX_CONST_METADATA_LIST_PATH_normal_arm64\=/Users/zydon/Sites/MacDown/build/AuditCampaign03/Build/Intermediates.noindex/MacDown\ 3000.build/Debug/MacDownCore.build/Objects-normal/arm64/MacDownCore.SwiftConstValuesFileList
    export LOCALIZATION_EXPORT_SUPPORTED\=YES
    export LOCALIZATION_PREFERS_STRING_CATALOGS\=NO
    export LOCALIZED_RESOURCES_FOLDER_PATH\=MacDownCore.framework/Versions/A/Resources/en.lproj
    export LOCALIZED_STRING_MACRO_NAMES\=NSLocalizedString\ CFCopyLocalizedString
    export LOCALIZED_STRING_SWIFTUI_SUPPORT\=YES
    export LOCAL_ADMIN_APPS_DIR\=/Applications/Utilities
    export LOCAL_APPS_DIR\=/Applications
    export LOCAL_DEVELOPER_DIR\=/Library/Developer
    export LOCAL_LIBRARY_DIR\=/Library
    export LOCROOT\=/Users/zydon/Sites/MacDown
    export LOCSYMROOT\=/Users/zydon/Sites/MacDown
    export MACH_O_TYPE\=mh_dylib
    export MACOSX_DEPLOYMENT_TARGET\=11.0
    export MAC_OS_X_PRODUCT_BUILD_VERSION\=25G83
    export MAC_OS_X_VERSION_ACTUAL\=260602
    export MAC_OS_X_VERSION_MAJOR\=260000
    export MAC_OS_X_VERSION_MINOR\=260600
    export MAKE_MERGEABLE\=NO
    export MARKETING_VERSION\=0.0.0-dev
    export MERGEABLE_LIBRARY\=NO
    export MERGED_BINARY_TYPE\=none
    export MERGE_LINKED_LIBRARIES\=NO
    export METAL_LIBRARY_FILE_BASE\=default
    export METAL_LIBRARY_OUTPUT_DIR\=/Users/zydon/Sites/MacDown/build/AuditCampaign03/Build/Products/Debug/MacDownCore.framework/Versions/A/Resources
    export MODULES_FOLDER_PATH\=MacDownCore.framework/Versions/A/Modules
    export MODULE_CACHE_DIR\=/Users/zydon/Sites/MacDown/build/AuditCampaign03/ModuleCache.noindex
    export NATIVE_ARCH\=arm64
    export NATIVE_ARCH_32_BIT\=arm
    export NATIVE_ARCH_64_BIT\=arm64
    export NATIVE_ARCH_ACTUAL\=arm64
    export NO_COMMON\=YES
    export OBJECT_FILE_DIR\=/Users/zydon/Sites/MacDown/build/AuditCampaign03/Build/Intermediates.noindex/MacDown\ 3000.build/Debug/MacDownCore.build/Objects
    export OBJECT_FILE_DIR_normal\=/Users/zydon/Sites/MacDown/build/AuditCampaign03/Build/Intermediates.noindex/MacDown\ 3000.build/Debug/MacDownCore.build/Objects-normal
    export OBJROOT\=/Users/zydon/Sites/MacDown/build/AuditCampaign03/Build/Intermediates.noindex
    export ONLY_ACTIVE_ARCH\=YES
    export OS\=MACOS
    export OSAC\=/usr/bin/osacompile
    export OTHER_CFLAGS\=\ -isystem\ \"/Users/zydon/Sites/MacDown/Pods/Headers/Public\"\ -isystem\ \"/Users/zydon/Sites/MacDown/Pods/Headers/Public/handlebars-objc\"
    export OTHER_CPLUSPLUSFLAGS\=\ -isystem\ \"/Users/zydon/Sites/MacDown/Pods/Headers/Public\"\ -isystem\ \"/Users/zydon/Sites/MacDown/Pods/Headers/Public/handlebars-objc\"
    export OTHER_LDFLAGS\=\ -ObjC\ -l\"handlebars-objc\"\ -l\"hoedown\"
    export OTHER_MODULE_VERIFIER_FLAGS\=\ \"-F/Users/zydon/Sites/MacDown/build/AuditCampaign03/Build/Products/Debug/handlebars-objc\"\ \"-F/Users/zydon/Sites/MacDown/build/AuditCampaign03/Build/Products/Debug/hoedown\"
    export PACKAGE_TYPE\=com.apple.package-type.wrapper.framework
    export PASCAL_STRINGS\=YES
    export PATH\=/Applications/Xcode.app/Contents/SharedFrameworks/SwiftBuild.framework/Versions/A/PlugIns/SWBBuildService.bundle/Contents/PlugIns/SWBUniversalPlatformPlugin.bundle/Contents/Frameworks/SWBUniversalPlatform.framework/Resources:/Applications/Xcode.app/Contents/Developer/Toolchains/XcodeDefault.xctoolchain/usr/bin:/Applications/Xcode.app/Contents/Developer/Toolchains/XcodeDefault.xctoolchain/usr/local/bin:/Applications/Xcode.app/Contents/Developer/Toolchains/XcodeDefault.xctoolchain/usr/libexec:/Applications/Xcode.app/Contents/Developer/Platforms/MacOSX.platform/usr/bin:/Applications/Xcode.app/Contents/Developer/Platforms/MacOSX.platform/usr/local/bin:/Applications/Xcode.app/Contents/Developer/Platforms/MacOSX.platform/Developer/usr/bin:/Applications/Xcode.app/Contents/Developer/Platforms/MacOSX.platform/Developer/usr/local/bin:/Applications/Xcode.app/Contents/Developer/usr/bin:/Applications/Xcode.app/Contents/Developer/usr/local/bin:/Applications/ChatGPT.app/Contents/Resources/codex-cli/codex-path:/Users/zydon/.local/bin:/Users/zydon/.composer/vendor/bin:/opt/homebrew/opt/mysql@8.4/bin:/Users/zydon/.antigravity/antigravity/bin:/opt/homebrew/opt/php/bin:/opt/homebrew/opt/mariadb@10.11/bin:/Users/zydon/.nvm/versions/node/v24.19.0/bin:/opt/homebrew/opt/postgresql@16/bin:/Users/zydon/.npm-global/bin:/Library/Frameworks/Python.framework/Versions/3.13/bin:/opt/homebrew/bin:/opt/homebrew/sbin:/usr/local/bin:/System/Cryptexes/App/usr/bin:/usr/bin:/bin:/usr/sbin:/sbin:/var/run/com.apple.security.cryptexd/codex.system/bootstrap/usr/local/bin:/var/run/com.apple.security.cryptexd/codex.system/bootstrap/usr/bin:/var/run/com.apple.security.cryptexd/codex.system/bootstrap/usr/appleinternal/bin:/pkg/env/global/bin://Applications/Topaz\ Gigapixel\ AI.app/Contents/Resources/bin://Applications/Topaz\ Photo\ AI.app/Contents/Resources/bin:/Library/Apple/usr/bin:/Applications/VMware\ Fusion.app/Contents/Public:/usr/local/share/dotnet:/Users/zydon/.codex/tmp/arg0/codex-arg0iRA4Th:/Users/zydon/.cache/codex-runtimes/codex-primary-runtime/dependencies/bin/override:/Users/zydon/.lmstudio/bin:/Users/zydon/.cache/codex-runtimes/codex-primary-runtime/dependencies/bin/fallback:/Applications/ChatGPT.app/Contents/Resources:/Applications/ChatGPT.app/Contents/Resources/codex-cli/CodexCLI.app/Contents/MacOS
    export PATH_PREFIXES_EXCLUDED_FROM_HEADER_DEPENDENCIES\=/usr/include\ /usr/local/include\ /System/Library/Frameworks\ /System/Library/PrivateFrameworks\ /Applications/Xcode.app/Contents/Developer/Headers\ /Applications/Xcode.app/Contents/Developer/SDKs\ /Applications/Xcode.app/Contents/Developer/Platforms
    export PBDEVELOPMENTPLIST_PATH\=MacDownCore.framework/Versions/A/pbdevelopment.plist
    export PER_ARCH_MODULE_FILE_DIR\=/Users/zydon/Sites/MacDown/build/AuditCampaign03/Build/Intermediates.noindex/MacDown\ 3000.build/Debug/MacDownCore.build/Objects-normal/undefined_arch
    export PER_ARCH_OBJECT_FILE_DIR\=/Users/zydon/Sites/MacDown/build/AuditCampaign03/Build/Intermediates.noindex/MacDown\ 3000.build/Debug/MacDownCore.build/Objects-normal/undefined_arch
    export PER_VARIANT_OBJECT_FILE_DIR\=/Users/zydon/Sites/MacDown/build/AuditCampaign03/Build/Intermediates.noindex/MacDown\ 3000.build/Debug/MacDownCore.build/Objects-normal
    export PKGINFO_FILE_PATH\=/Users/zydon/Sites/MacDown/build/AuditCampaign03/Build/Intermediates.noindex/MacDown\ 3000.build/Debug/MacDownCore.build/PkgInfo
    export PKGINFO_PATH\=MacDownCore.framework/PkgInfo
    export PLATFORM_DEVELOPER_APPLICATIONS_DIR\=/Applications/Xcode.app/Contents/Developer/Applications
    export PLATFORM_DEVELOPER_BIN_DIR\=/Applications/Xcode.app/Contents/Developer/usr/bin
    export PLATFORM_DEVELOPER_LIBRARY_DIR\=/Applications/Xcode.app/Contents/Developer/Library
    export PLATFORM_DEVELOPER_SDK_DIR\=/Applications/Xcode.app/Contents/Developer/Platforms/MacOSX.platform/Developer/SDKs
    export PLATFORM_DEVELOPER_TOOLS_DIR\=/Applications/Xcode.app/Contents/Developer/Tools
    export PLATFORM_DEVELOPER_USR_DIR\=/Applications/Xcode.app/Contents/Developer/usr
    export PLATFORM_DIR\=/Applications/Xcode.app/Contents/Developer/Platforms/MacOSX.platform
    export PLATFORM_DISPLAY_NAME\=macOS
    export PLATFORM_FAMILY_NAME\=macOS
    export PLATFORM_NAME\=macosx
    export PLATFORM_PREFERRED_ARCH\=x86_64
    export PLATFORM_PRODUCT_BUILD_VERSION\=25C57
    export PLATFORM_REQUIRES_SWIFT_AUTOLINK_EXTRACT\=NO
    export PLATFORM_REQUIRES_SWIFT_MODULEWRAP\=NO
    export PLIST_FILE_OUTPUT_FORMAT\=same-as-input
    export PLUGINS_FOLDER_PATH\=MacDownCore.framework/Versions/A/PlugIns
    export PODS_BUILD_DIR\=/Users/zydon/Sites/MacDown/build/AuditCampaign03/Build/Products
    export PODS_CONFIGURATION_BUILD_DIR\=/Users/zydon/Sites/MacDown/build/AuditCampaign03/Build/Products/Debug
    export PODS_PODFILE_DIR_PATH\=/Users/zydon/Sites/MacDown/.
    export PODS_ROOT\=/Users/zydon/Sites/MacDown/Pods
    export PODS_XCFRAMEWORKS_BUILD_DIR\=/Users/zydon/Sites/MacDown/build/AuditCampaign03/Build/Products/Debug/XCFrameworkIntermediates
    export PRECOMPS_INCLUDE_HEADERS_FROM_BUILT_PRODUCTS_DIR\=YES
    export PRECOMP_DESTINATION_DIR\=/Users/zydon/Sites/MacDown/build/AuditCampaign03/Build/Intermediates.noindex/MacDown\ 3000.build/Debug/MacDownCore.build/PrefixHeaders
    export PRIVATE_HEADERS_FOLDER_PATH\=MacDownCore.framework/Versions/A/PrivateHeaders
    export PROCESSED_INFOPLIST_PATH\=/Users/zydon/Sites/MacDown/build/AuditCampaign03/Build/Intermediates.noindex/MacDown\ 3000.build/Debug/MacDownCore.build/Objects-normal/undefined_arch/Processed-Info.plist
    export PRODUCT_BUNDLE_IDENTIFIER\=app.macdown.macdown3000-debug.MacDownCore
    export PRODUCT_BUNDLE_PACKAGE_TYPE\=FMWK
    export PRODUCT_MODULE_NAME\=MacDownCore
    export PRODUCT_NAME\=MacDownCore
    export PRODUCT_SETTINGS_PATH\=/Users/zydon/Sites/MacDown/MacDownCore/Info.plist
    export PRODUCT_TYPE\=com.apple.product-type.framework
    export PROFILING_CODE\=NO
    export PROJECT\=MacDown\ 3000
    export PROJECT_CLASS_PREFIX\=MP
    export PROJECT_DERIVED_FILE_DIR\=/Users/zydon/Sites/MacDown/build/AuditCampaign03/Build/Intermediates.noindex/MacDown\ 3000.build/DerivedSources
    export PROJECT_DIR\=/Users/zydon/Sites/MacDown
    export PROJECT_FILE_PATH\=/Users/zydon/Sites/MacDown/MacDown\ 3000.xcodeproj
    export PROJECT_GUID\=80fcb0371bcf40e7fc5105b2d1348134
    export PROJECT_NAME\=MacDown\ 3000
    export PROJECT_TEMP_DIR\=/Users/zydon/Sites/MacDown/build/AuditCampaign03/Build/Intermediates.noindex/MacDown\ 3000.build
    export PROJECT_TEMP_ROOT\=/Users/zydon/Sites/MacDown/build/AuditCampaign03/Build/Intermediates.noindex
    export PUBLIC_HEADERS_FOLDER_PATH\=MacDownCore.framework/Versions/A/Headers
    export RECOMMENDED_MACOSX_DEPLOYMENT_TARGET\=11.0
    export RECURSIVE_SEARCH_PATHS_FOLLOW_SYMLINKS\=YES
    export REMOVE_CVS_FROM_RESOURCES\=YES
    export REMOVE_GIT_FROM_RESOURCES\=YES
    export REMOVE_HEADERS_FROM_EMBEDDED_BUNDLES\=YES
    export REMOVE_HG_FROM_RESOURCES\=YES
    export REMOVE_STATIC_EXECUTABLES_FROM_EMBEDDED_BUNDLES\=YES
    export REMOVE_SVN_FROM_RESOURCES\=YES
    export RESCHEDULE_INDEPENDENT_HEADERS_PHASES\=YES
    export REZ_COLLECTOR_DIR\=/Users/zydon/Sites/MacDown/build/AuditCampaign03/Build/Intermediates.noindex/MacDown\ 3000.build/Debug/MacDownCore.build/ResourceManagerResources
    export REZ_OBJECTS_DIR\=/Users/zydon/Sites/MacDown/build/AuditCampaign03/Build/Intermediates.noindex/MacDown\ 3000.build/Debug/MacDownCore.build/ResourceManagerResources/Objects
    export REZ_SEARCH_PATHS\=/Users/zydon/Sites/MacDown/build/AuditCampaign03/Build/Products/Debug\ 
    export RUNTIME_EXCEPTION_ALLOW_DYLD_ENVIRONMENT_VARIABLES\=NO
    export RUNTIME_EXCEPTION_ALLOW_JIT\=NO
    export RUNTIME_EXCEPTION_ALLOW_UNSIGNED_EXECUTABLE_MEMORY\=NO
    export RUNTIME_EXCEPTION_DEBUGGING_TOOL\=NO
    export RUNTIME_EXCEPTION_DISABLE_EXECUTABLE_PAGE_PROTECTION\=NO
    export RUNTIME_EXCEPTION_DISABLE_LIBRARY_VALIDATION\=NO
    export SCAN_ALL_SOURCE_FILES_FOR_INCLUDES\=NO
    export SCRIPTS_FOLDER_PATH\=MacDownCore.framework/Versions/A/Resources/Scripts
    export SCRIPT_INPUT_FILE_0\=/Users/zydon/Sites/MacDown/Dependency/prism/components
    export SCRIPT_INPUT_FILE_1\=/Users/zydon/Sites/MacDown/Dependency/prism/themes
    export SCRIPT_INPUT_FILE_2\=/Users/zydon/Sites/MacDown/MacDown/Resources/CommunityPrismThemes
    export SCRIPT_INPUT_FILE_3\=/Users/zydon/Sites/MacDown/Dependency/prism/plugins
    export SCRIPT_INPUT_FILE_4\=/Users/zydon/Sites/MacDown/Dependency/prism/components.js
    export SCRIPT_INPUT_FILE_5\=/Users/zydon/Sites/MacDown/MacDown/Resources/Styles
    export SCRIPT_INPUT_FILE_COUNT\=6
    export SCRIPT_INPUT_FILE_LIST_COUNT\=0
    export SCRIPT_OUTPUT_FILE_0\=/Users/zydon/Sites/MacDown/build/AuditCampaign03/Build/Products/Debug/MacDownCore.framework/Versions/A/Resources/Prism
    export SCRIPT_OUTPUT_FILE_1\=/Users/zydon/Sites/MacDown/build/AuditCampaign03/Build/Products/Debug/MacDownCore.framework/Versions/A/Resources/Styles
    export SCRIPT_OUTPUT_FILE_COUNT\=2
    export SCRIPT_OUTPUT_FILE_LIST_COUNT\=0
    export SDKROOT\=/Applications/Xcode.app/Contents/Developer/Platforms/MacOSX.platform/Developer/SDKs/MacOSX26.2.sdk
    export SDK_DIR\=/Applications/Xcode.app/Contents/Developer/Platforms/MacOSX.platform/Developer/SDKs/MacOSX26.2.sdk
    export SDK_DIR_macosx\=/Applications/Xcode.app/Contents/Developer/Platforms/MacOSX.platform/Developer/SDKs/MacOSX26.2.sdk
    export SDK_DIR_macosx26_2\=/Applications/Xcode.app/Contents/Developer/Platforms/MacOSX.platform/Developer/SDKs/MacOSX26.2.sdk
    export SDK_NAME\=macosx26.2
    export SDK_NAMES\=macosx26.2
    export SDK_PRODUCT_BUILD_VERSION\=25C57
    export SDK_STAT_CACHE_DIR\=/Users/zydon/Sites/MacDown/build/AuditCampaign03
    export SDK_STAT_CACHE_ENABLE\=YES
    export SDK_STAT_CACHE_PATH\=/Users/zydon/Sites/MacDown/build/AuditCampaign03/SDKStatCaches.noindex/macosx26.2-25C57-00fa09913b459cbbc988d1f6730289ae.sdkstatcache
    export SDK_VERSION\=26.2
    export SDK_VERSION_ACTUAL\=260200
    export SDK_VERSION_MAJOR\=260000
    export SDK_VERSION_MINOR\=260200
    export SED\=/usr/bin/sed
    export SEPARATE_STRIP\=NO
    export SEPARATE_SYMBOL_EDIT\=NO
    export SET_DIR_MODE_OWNER_GROUP\=YES
    export SET_FILE_MODE_OWNER_GROUP\=NO
    export SHALLOW_BUNDLE\=NO
    export SHALLOW_BUNDLE_PLATFORM\=NO
    export SHALLOW_BUNDLE_TRIPLE\=macos
    export SHALLOW_BUNDLE_ios_macabi\=NO
    export SHALLOW_BUNDLE_macos\=NO
    export SHARED_DERIVED_FILE_DIR\=/Users/zydon/Sites/MacDown/build/AuditCampaign03/Build/Products/Debug/DerivedSources
    export SHARED_FRAMEWORKS_FOLDER_PATH\=MacDownCore.framework/Versions/A/SharedFrameworks
    export SHARED_PRECOMPS_DIR\=/Users/zydon/Sites/MacDown/build/AuditCampaign03/Build/Intermediates.noindex/PrecompiledHeaders
    export SHARED_SUPPORT_FOLDER_PATH\=MacDownCore.framework/Versions/A/Resources
    export SKIP_INSTALL\=YES
    export SOURCE_ROOT\=/Users/zydon/Sites/MacDown
    export SRCROOT\=/Users/zydon/Sites/MacDown
    export STRINGSDATA_DIR\=/Users/zydon/Sites/MacDown/build/AuditCampaign03/Build/Intermediates.noindex/MacDown\ 3000.build/Debug/MacDownCore.build/Objects-normal/undefined_arch
    export STRINGSDATA_ROOT\=/Users/zydon/Sites/MacDown/build/AuditCampaign03/Build/Intermediates.noindex/MacDown\ 3000.build/Debug/MacDownCore.build
    export STRINGS_FILE_INFOPLIST_RENAME\=YES
    export STRINGS_FILE_OUTPUT_ENCODING\=UTF-16
    export STRING_CATALOG_GENERATE_SYMBOLS\=NO
    export STRIP_BITCODE_FROM_COPIED_FILES\=NO
    export STRIP_INSTALLED_PRODUCT\=NO
    export STRIP_PNG_TEXT\=NO
    export STRIP_STYLE\=debugging
    export STRIP_SWIFT_SYMBOLS\=YES
    export SUPPORTED_PLATFORMS\=macosx
    export SUPPORTS_TEXT_BASED_API\=NO
    export SUPPRESS_WARNINGS\=NO
    export SWIFT_EMIT_CONST_VALUE_PROTOCOLS\=AppIntent\ EntityQuery\ AppEntity\ TransientEntity\ AppEnum\ AppShortcutProviding\ AppShortcutsProvider\ AnyResolverProviding\ AppIntentsPackage\ DynamicOptionsProvider\ _IntentValueRepresentable\ _AssistantIntentsProvider\ _GenerativeFunctionExtractable\ IntentValueQuery\ Resolver\ AppExtension\ ExtensionPointDefining
    export SWIFT_EMIT_LOC_STRINGS\=NO
    export SWIFT_ENABLE_EXPLICIT_MODULES\=YES
    export SWIFT_INSTALL_MODULE_FOR_DEPLOYMENT\=YES
    export SWIFT_PLATFORM_TARGET_PREFIX\=macos
    export SWIFT_RESPONSE_FILE_PATH_normal_arm64\=/Users/zydon/Sites/MacDown/build/AuditCampaign03/Build/Intermediates.noindex/MacDown\ 3000.build/Debug/MacDownCore.build/Objects-normal/arm64/MacDownCore.SwiftFileList
    export SYMROOT\=/Users/zydon/Sites/MacDown/build/AuditCampaign03/Build/Products
    export SYSTEM_ADMIN_APPS_DIR\=/Applications/Utilities
    export SYSTEM_APPS_DIR\=/Applications
    export SYSTEM_CORE_SERVICES_DIR\=/System/Library/CoreServices
    export SYSTEM_DEMOS_DIR\=/Applications/Extras
    export SYSTEM_DEVELOPER_APPS_DIR\=/Applications/Xcode.app/Contents/Developer/Applications
    export SYSTEM_DEVELOPER_BIN_DIR\=/Applications/Xcode.app/Contents/Developer/usr/bin
    export SYSTEM_DEVELOPER_DEMOS_DIR\=/Applications/Xcode.app/Contents/Developer/Applications/Utilities/Built\ Examples
    export SYSTEM_DEVELOPER_DIR\=/Applications/Xcode.app/Contents/Developer
    export SYSTEM_DEVELOPER_DOC_DIR\=/Applications/Xcode.app/Contents/Developer/ADC\ Reference\ Library
    export SYSTEM_DEVELOPER_GRAPHICS_TOOLS_DIR\=/Applications/Xcode.app/Contents/Developer/Applications/Graphics\ Tools
    export SYSTEM_DEVELOPER_JAVA_TOOLS_DIR\=/Applications/Xcode.app/Contents/Developer/Applications/Java\ Tools
    export SYSTEM_DEVELOPER_PERFORMANCE_TOOLS_DIR\=/Applications/Xcode.app/Contents/Developer/Applications/Performance\ Tools
    export SYSTEM_DEVELOPER_RELEASENOTES_DIR\=/Applications/Xcode.app/Contents/Developer/ADC\ Reference\ Library/releasenotes
    export SYSTEM_DEVELOPER_TOOLS\=/Applications/Xcode.app/Contents/Developer/Tools
    export SYSTEM_DEVELOPER_TOOLS_DOC_DIR\=/Applications/Xcode.app/Contents/Developer/ADC\ Reference\ Library/documentation/DeveloperTools
    export SYSTEM_DEVELOPER_TOOLS_RELEASENOTES_DIR\=/Applications/Xcode.app/Contents/Developer/ADC\ Reference\ Library/releasenotes/DeveloperTools
    export SYSTEM_DEVELOPER_USR_DIR\=/Applications/Xcode.app/Contents/Developer/usr
    export SYSTEM_DEVELOPER_UTILITIES_DIR\=/Applications/Xcode.app/Contents/Developer/Applications/Utilities
    export SYSTEM_DEXT_INSTALL_PATH\=/System/Library/DriverExtensions
    export SYSTEM_DOCUMENTATION_DIR\=/Library/Documentation
    export SYSTEM_EXTENSIONS_FOLDER_PATH\=MacDownCore.framework/Versions/A/Library/SystemExtensions
    export SYSTEM_EXTENSIONS_FOLDER_PATH_SHALLOW_BUNDLE_NO\=MacDownCore.framework/Versions/A/Library/SystemExtensions
    export SYSTEM_EXTENSIONS_FOLDER_PATH_SHALLOW_BUNDLE_YES\=MacDownCore.framework/Versions/A/SystemExtensions
    export SYSTEM_KEXT_INSTALL_PATH\=/System/Library/Extensions
    export SYSTEM_LIBRARY_DIR\=/System/Library
    export TAPI_DEMANGLE\=YES
    export TAPI_ENABLE_PROJECT_HEADERS\=NO
    export TAPI_LANGUAGE\=objective-c
    export TAPI_LANGUAGE_STANDARD\=compiler-default
    export TAPI_USE_SRCROOT\=YES
    export TAPI_VERIFY_MODE\=Pedantic
    export TARGETNAME\=MacDownCore
    export TARGET_BUILD_DIR\=/Users/zydon/Sites/MacDown/build/AuditCampaign03/Build/Products/Debug
    export TARGET_NAME\=MacDownCore
    export TARGET_TEMP_DIR\=/Users/zydon/Sites/MacDown/build/AuditCampaign03/Build/Intermediates.noindex/MacDown\ 3000.build/Debug/MacDownCore.build
    export TEMP_DIR\=/Users/zydon/Sites/MacDown/build/AuditCampaign03/Build/Intermediates.noindex/MacDown\ 3000.build/Debug/MacDownCore.build
    export TEMP_FILES_DIR\=/Users/zydon/Sites/MacDown/build/AuditCampaign03/Build/Intermediates.noindex/MacDown\ 3000.build/Debug/MacDownCore.build
    export TEMP_FILE_DIR\=/Users/zydon/Sites/MacDown/build/AuditCampaign03/Build/Intermediates.noindex/MacDown\ 3000.build/Debug/MacDownCore.build
    export TEMP_ROOT\=/Users/zydon/Sites/MacDown/build/AuditCampaign03/Build/Intermediates.noindex
    export TEMP_SANDBOX_DIR\=/Users/zydon/Sites/MacDown/build/AuditCampaign03/Build/Intermediates.noindex/TemporaryTaskSandboxes
    export TEST_FRAMEWORK_SEARCH_PATHS\=\ /Applications/Xcode.app/Contents/Developer/Platforms/MacOSX.platform/Developer/Library/Frameworks
    export TEST_LIBRARY_SEARCH_PATHS\=\ /Applications/Xcode.app/Contents/Developer/Platforms/MacOSX.platform/Developer/usr/lib
    export TOOLCHAINS\=com.apple.dt.toolchain.XcodeDefault
    export TOOLCHAIN_DIR\=/Applications/Xcode.app/Contents/Developer/Toolchains/XcodeDefault.xctoolchain
    export TREAT_MISSING_BASELINES_AS_TEST_FAILURES\=NO
    export TREAT_MISSING_SCRIPT_PHASE_OUTPUTS_AS_ERRORS\=NO
    export UID\=501
    export UNINSTALLED_PRODUCTS_DIR\=/Users/zydon/Sites/MacDown/build/AuditCampaign03/Build/Intermediates.noindex/UninstalledProducts
    export UNLOCALIZED_RESOURCES_FOLDER_PATH\=MacDownCore.framework/Versions/A/Resources
    export UNLOCALIZED_RESOURCES_FOLDER_PATH_SHALLOW_BUNDLE_NO\=MacDownCore.framework/Versions/A/Resources
    export UNLOCALIZED_RESOURCES_FOLDER_PATH_SHALLOW_BUNDLE_YES\=MacDownCore.framework/Versions/A
    export UNSTRIPPED_PRODUCT\=NO
    export USER\=zydon
    export USER_APPS_DIR\=/Users/zydon/Library/.macdown-audit-vault.8znky4qo/fixture-home/Applications
    export USER_LIBRARY_DIR\=/Users/zydon/Library/.macdown-audit-vault.8znky4qo/fixture-home/Library
    export USE_DYNAMIC_NO_PIC\=YES
    export USE_HEADERMAP\=YES
    export USE_HEADER_SYMLINKS\=NO
    export USE_RECURSIVE_SCRIPT_INPUTS_IN_SCRIPT_PHASES\=YES
    export VALIDATE_DEVELOPMENT_ASSET_PATHS\=YES_ERROR
    export VALIDATE_PRODUCT\=NO
    export VALID_ARCHS\=arm64\ arm64e\ i386\ x86_64
    export VERBOSE_PBXCP\=NO
    export VERSIONING_SYSTEM\=apple-generic
    export VERSIONPLIST_PATH\=MacDownCore.framework/Versions/A/Resources/version.plist
    export VERSIONS_FOLDER_PATH\=MacDownCore.framework/Versions
    export VERSIONS_FOLDER_PATH_SHALLOW_BUNDLE_NO\=MacDownCore.framework/Versions
    export VERSIONS_FOLDER_PATH_SHALLOW_BUNDLE_YES\=MacDownCore.framework
    export VERSION_INFO_BUILDER\=zydon
    export VERSION_INFO_FILE\=MacDownCore_vers.c
    export VERSION_INFO_STRING\=\"@\(\#\)PROGRAM:MacDownCore\ \ PROJECT:MacDown\ 3000-0\"
    export WORKSPACE_DIR\=/Users/zydon/Sites/MacDown
    export WRAPPER_EXTENSION\=framework
    export WRAPPER_NAME\=MacDownCore.framework
    export WRAPPER_SUFFIX\=.framework
    export WRAP_ASSET_PACKS_IN_SEPARATE_DIRECTORIES\=NO
    export XCODE_APP_SUPPORT_DIR\=/Applications/Xcode.app/Contents/Developer/Library/Xcode
    export XCODE_PRODUCT_BUILD_VERSION\=17C52
    export XCODE_VERSION_ACTUAL\=2620
    export XCODE_VERSION_MAJOR\=2600
    export XCODE_VERSION_MINOR\=2620
    export XPCSERVICES_FOLDER_PATH\=MacDownCore.framework/Versions/A/XPCServices
    export YACC\=yacc
    export _BOOL_\=NO
    export _BOOL_NO\=NO
    export _BOOL_YES\=YES
    export _DEVELOPMENT_TEAM_IS_EMPTY\=YES
    export _DISCOVER_COMMAND_LINE_LINKER_INPUTS\=YES
    export _DISCOVER_COMMAND_LINE_LINKER_INPUTS_INCLUDE_WL\=YES
    export _IS_EMPTY_\=YES
    export _LD_MULTIARCH\=YES
    export _MACOSX_DEPLOYMENT_TARGET_IS_EMPTY\=NO
    export _WRAPPER_CONTENTS_DIR\=/Contents
    export _WRAPPER_CONTENTS_DIR_SHALLOW_BUNDLE_NO\=/Contents
    export _WRAPPER_PARENT_PATH\=/..
    export _WRAPPER_PARENT_PATH_SHALLOW_BUNDLE_NO\=/..
    export _WRAPPER_RESOURCES_DIR\=/Resources
    export _WRAPPER_RESOURCES_DIR_SHALLOW_BUNDLE_NO\=/Resources
    export __DIAGNOSE_DEPRECATED_ARCHS\=YES
    export arch\=undefined_arch
    export variant\=normal
    /bin/sh -c /Users/zydon/Sites/MacDown/build/AuditCampaign03/Build/Intermediates.noindex/MacDown\\\ 3000.build/Debug/MacDownCore.build/Script-BEB0B6E41738E30D57F17F34.sh

ProcessInfoPlistFile /Users/zydon/Sites/MacDown/build/AuditCampaign03/Build/Products/Debug/MacDownCore.framework/Versions/A/Resources/Info.plist /Users/zydon/Sites/MacDown/MacDownCore/Info.plist (in target 'MacDownCore' from project 'MacDown 3000')
    cd /Users/zydon/Sites/MacDown
    builtin-infoPlistUtility /Users/zydon/Sites/MacDown/MacDownCore/Info.plist -producttype com.apple.product-type.framework -expandbuildsettings -platform macosx -o /Users/zydon/Sites/MacDown/build/AuditCampaign03/Build/Products/Debug/MacDownCore.framework/Versions/A/Resources/Info.plist

ProcessProductPackaging "" /Users/zydon/Sites/MacDown/build/AuditCampaign03/Build/Intermediates.noindex/Pods.build/Debug/GBCli.build/libGBCli.a.xcent (in target 'GBCli' from project 'Pods')
    cd /Users/zydon/Sites/MacDown/Pods
    
    Entitlements:
    
    {
    "com.apple.application-identifier" = "org.cocoapods.GBCli";
}
    
    builtin-productPackagingUtility -entitlements -format xml -o /Users/zydon/Sites/MacDown/build/AuditCampaign03/Build/Intermediates.noindex/Pods.build/Debug/GBCli.build/libGBCli.a.xcent

ProcessProductPackagingDER /Users/zydon/Sites/MacDown/build/AuditCampaign03/Build/Intermediates.noindex/Pods.build/Debug/GBCli.build/libGBCli.a.xcent /Users/zydon/Sites/MacDown/build/AuditCampaign03/Build/Intermediates.noindex/Pods.build/Debug/GBCli.build/libGBCli.a.xcent.der (in target 'GBCli' from project 'Pods')
    cd /Users/zydon/Sites/MacDown/Pods
    /usr/bin/derq query -f xml -i /Users/zydon/Sites/MacDown/build/AuditCampaign03/Build/Intermediates.noindex/Pods.build/Debug/GBCli.build/libGBCli.a.xcent -o /Users/zydon/Sites/MacDown/build/AuditCampaign03/Build/Intermediates.noindex/Pods.build/Debug/GBCli.build/libGBCli.a.xcent.der --raw

ProcessProductPackaging "" /Users/zydon/Sites/MacDown/build/AuditCampaign03/Build/Intermediates.noindex/Pods.build/Debug/JJPluralForm.build/libJJPluralForm.a.xcent (in target 'JJPluralForm' from project 'Pods')
    cd /Users/zydon/Sites/MacDown/Pods
    
    Entitlements:
    
    {
    "com.apple.application-identifier" = "org.cocoapods.JJPluralForm";
}
    
    builtin-productPackagingUtility -entitlements -format xml -o /Users/zydon/Sites/MacDown/build/AuditCampaign03/Build/Intermediates.noindex/Pods.build/Debug/JJPluralForm.build/libJJPluralForm.a.xcent

ProcessProductPackagingDER /Users/zydon/Sites/MacDown/build/AuditCampaign03/Build/Intermediates.noindex/Pods.build/Debug/JJPluralForm.build/libJJPluralForm.a.xcent /Users/zydon/Sites/MacDown/build/AuditCampaign03/Build/Intermediates.noindex/Pods.build/Debug/JJPluralForm.build/libJJPluralForm.a.xcent.der (in target 'JJPluralForm' from project 'Pods')
    cd /Users/zydon/Sites/MacDown/Pods
    /usr/bin/derq query -f xml -i /Users/zydon/Sites/MacDown/build/AuditCampaign03/Build/Intermediates.noindex/Pods.build/Debug/JJPluralForm.build/libJJPluralForm.a.xcent -o /Users/zydon/Sites/MacDown/build/AuditCampaign03/Build/Intermediates.noindex/Pods.build/Debug/JJPluralForm.build/libJJPluralForm.a.xcent.der --raw

ProcessProductPackaging "" /Users/zydon/Sites/MacDown/build/AuditCampaign03/Build/Intermediates.noindex/Pods.build/Debug/LibYAML.build/libLibYAML.a.xcent (in target 'LibYAML' from project 'Pods')
    cd /Users/zydon/Sites/MacDown/Pods
    
    Entitlements:
    
    {
    "com.apple.application-identifier" = "org.cocoapods.LibYAML";
}
    
    builtin-productPackagingUtility -entitlements -format xml -o /Users/zydon/Sites/MacDown/build/AuditCampaign03/Build/Intermediates.noindex/Pods.build/Debug/LibYAML.build/libLibYAML.a.xcent

ProcessProductPackagingDER /Users/zydon/Sites/MacDown/build/AuditCampaign03/Build/Intermediates.noindex/Pods.build/Debug/LibYAML.build/libLibYAML.a.xcent /Users/zydon/Sites/MacDown/build/AuditCampaign03/Build/Intermediates.noindex/Pods.build/Debug/LibYAML.build/libLibYAML.a.xcent.der (in target 'LibYAML' from project 'Pods')
    cd /Users/zydon/Sites/MacDown/Pods
    /usr/bin/derq query -f xml -i /Users/zydon/Sites/MacDown/build/AuditCampaign03/Build/Intermediates.noindex/Pods.build/Debug/LibYAML.build/libLibYAML.a.xcent -o /Users/zydon/Sites/MacDown/build/AuditCampaign03/Build/Intermediates.noindex/Pods.build/Debug/LibYAML.build/libLibYAML.a.xcent.der --raw

ProcessProductPackaging "" /Users/zydon/Sites/MacDown/build/AuditCampaign03/Build/Intermediates.noindex/Pods.build/Debug/M13OrderedDictionary.build/libM13OrderedDictionary.a.xcent (in target 'M13OrderedDictionary' from project 'Pods')
    cd /Users/zydon/Sites/MacDown/Pods
    
    Entitlements:
    
    {
    "com.apple.application-identifier" = "org.cocoapods.M13OrderedDictionary";
}
    
    builtin-productPackagingUtility -entitlements -format xml -o /Users/zydon/Sites/MacDown/build/AuditCampaign03/Build/Intermediates.noindex/Pods.build/Debug/M13OrderedDictionary.build/libM13OrderedDictionary.a.xcent

ProcessProductPackagingDER /Users/zydon/Sites/MacDown/build/AuditCampaign03/Build/Intermediates.noindex/Pods.build/Debug/M13OrderedDictionary.build/libM13OrderedDictionary.a.xcent /Users/zydon/Sites/MacDown/build/AuditCampaign03/Build/Intermediates.noindex/Pods.build/Debug/M13OrderedDictionary.build/libM13OrderedDictionary.a.xcent.der (in target 'M13OrderedDictionary' from project 'Pods')
    cd /Users/zydon/Sites/MacDown/Pods
    /usr/bin/derq query -f xml -i /Users/zydon/Sites/MacDown/build/AuditCampaign03/Build/Intermediates.noindex/Pods.build/Debug/M13OrderedDictionary.build/libM13OrderedDictionary.a.xcent -o /Users/zydon/Sites/MacDown/build/AuditCampaign03/Build/Intermediates.noindex/Pods.build/Debug/M13OrderedDictionary.build/libM13OrderedDictionary.a.xcent.der --raw

ProcessInfoPlistFile /Users/zydon/Sites/MacDown/build/AuditCampaign03/Build/Products/Debug/MASPreferences/MASPreferences.bundle/Contents/Info.plist /Users/zydon/Sites/MacDown/Pods/Target\ Support\ Files/MASPreferences/ResourceBundle-MASPreferences-MASPreferences-Info.plist (in target 'MASPreferences-MASPreferences' from project 'Pods')
    cd /Users/zydon/Sites/MacDown/Pods
    builtin-infoPlistUtility /Users/zydon/Sites/MacDown/Pods/Target\ Support\ Files/MASPreferences/ResourceBundle-MASPreferences-MASPreferences-Info.plist -producttype com.apple.product-type.bundle -expandbuildsettings -platform macosx -additionalcontentfile /Users/zydon/Sites/MacDown/build/AuditCampaign03/Build/Intermediates.noindex/Pods.build/Debug/MASPreferences-MASPreferences.build/en.lproj/MASPreferencesWindow-PartialInfo.plist -o /Users/zydon/Sites/MacDown/build/AuditCampaign03/Build/Products/Debug/MASPreferences/MASPreferences.bundle/Contents/Info.plist

ProcessProductPackaging "" /Users/zydon/Sites/MacDown/build/AuditCampaign03/Build/Intermediates.noindex/Pods.build/Debug/MASPreferences.build/libMASPreferences.a.xcent (in target 'MASPreferences' from project 'Pods')
    cd /Users/zydon/Sites/MacDown/Pods
    
    Entitlements:
    
    {
    "com.apple.application-identifier" = "org.cocoapods.MASPreferences";
}
    
    builtin-productPackagingUtility -entitlements -format xml -o /Users/zydon/Sites/MacDown/build/AuditCampaign03/Build/Intermediates.noindex/Pods.build/Debug/MASPreferences.build/libMASPreferences.a.xcent

ProcessProductPackagingDER /Users/zydon/Sites/MacDown/build/AuditCampaign03/Build/Intermediates.noindex/Pods.build/Debug/MASPreferences.build/libMASPreferences.a.xcent /Users/zydon/Sites/MacDown/build/AuditCampaign03/Build/Intermediates.noindex/Pods.build/Debug/MASPreferences.build/libMASPreferences.a.xcent.der (in target 'MASPreferences' from project 'Pods')
    cd /Users/zydon/Sites/MacDown/Pods
    /usr/bin/derq query -f xml -i /Users/zydon/Sites/MacDown/build/AuditCampaign03/Build/Intermediates.noindex/Pods.build/Debug/MASPreferences.build/libMASPreferences.a.xcent -o /Users/zydon/Sites/MacDown/build/AuditCampaign03/Build/Intermediates.noindex/Pods.build/Debug/MASPreferences.build/libMASPreferences.a.xcent.der --raw

ExternalBuildToolExecution version (in target 'version' from project 'version')
    cd /Users/zydon/Sites/MacDown/Dependency/version
    export ACTION\=
    export ALLOW_BUILD_REQUEST_OVERRIDES\=NO
    export ALLOW_TARGET_PLATFORM_SPECIALIZATION\=NO
    export ALTERNATE_GROUP\=staff
    export ALTERNATE_MODE\=u+w,go-w,a+rX
    export ALTERNATE_OWNER\=zydon
    export ALTERNATIVE_DISTRIBUTION_WEB\=NO
    export ALWAYS_EMBED_SWIFT_STANDARD_LIBRARIES\=NO
    export ALWAYS_SEARCH_USER_PATHS\=YES
    export APPLICATION_EXTENSION_API_ONLY\=NO
    export APPLY_RULES_IN_COPY_FILES\=NO
    export APPLY_RULES_IN_COPY_HEADERS\=NO
    export APP_SHORTCUTS_ENABLE_FLEXIBLE_MATCHING\=YES
    export ARCHS\=arm64
    export ARCHS_STANDARD\=arm64\ x86_64
    export ARCHS_STANDARD_32_64_BIT\=arm64\ x86_64\ i386
    export ARCHS_STANDARD_32_BIT\=i386
    export ARCHS_STANDARD_64_BIT\=arm64\ x86_64
    export ARCHS_STANDARD_INCLUDING_64_BIT\=arm64\ x86_64
    export AUTOMATICALLY_MERGE_DEPENDENCIES\=NO
    export AUTOMATION_APPLE_EVENTS\=NO
    export AVAILABLE_PLATFORMS\=android\ appletvos\ appletvsimulator\ driverkit\ iphoneos\ iphonesimulator\ macosx\ qnx\ watchos\ watchsimulator\ webassembly\ xros\ xrsimulator
    export BUILD_ACTIVE_RESOURCES_ONLY\=NO
    export BUILD_COMPONENTS\=headers\ build
    export BUILD_DIR\=/Users/zydon/Sites/MacDown/build/AuditCampaign03/Build/Products
    export BUILD_LIBRARY_FOR_DISTRIBUTION\=NO
    export BUILD_ROOT\=/Users/zydon/Sites/MacDown/build/AuditCampaign03/Build/Products
    export BUILD_STYLE\=
    export BUILD_VARIANTS\=normal
    export BUILT_PRODUCTS_DIR\=/Users/zydon/Sites/MacDown/build/AuditCampaign03/Build/Products/Debug
    export BUNDLE_CONTENTS_FOLDER_PATH\=Contents/
    export BUNDLE_CONTENTS_FOLDER_PATH_deep\=Contents/
    export BUNDLE_EXECUTABLE_FOLDER_NAME_deep\=MacOS
    export BUNDLE_EXECUTABLE_FOLDER_PATH\=Contents/MacOS
    export BUNDLE_EXTENSIONS_FOLDER_PATH\=Contents/Extensions
    export BUNDLE_FORMAT\=deep
    export BUNDLE_FRAMEWORKS_FOLDER_PATH\=Contents/Frameworks
    export BUNDLE_PLUGINS_FOLDER_PATH\=Contents/PlugIns
    export BUNDLE_PRIVATE_HEADERS_FOLDER_PATH\=Contents/PrivateHeaders
    export BUNDLE_PUBLIC_HEADERS_FOLDER_PATH\=Contents/Headers
    export CACHE_ROOT\=/var/folders/sl/qh_kc_kn1r732kw2tsj7z5xh0000gn/C/com.apple.DeveloperTools/26.2-17C52/Xcode
    export CLANG_CACHE_FINE_GRAINED_OUTPUTS\=YES
    export CLANG_ENABLE_EXPLICIT_MODULES\=YES
    export CLANG_MODULES_BUILD_SESSION_FILE\=/Users/zydon/Sites/MacDown/build/AuditCampaign03/ModuleCache.noindex/Session.modulevalidation
    export CLANG_WARN_BLOCK_CAPTURE_AUTORELEASING\=YES
    export CLANG_WARN_BOOL_CONVERSION\=YES
    export CLANG_WARN_COMMA\=YES
    export CLANG_WARN_CONSTANT_CONVERSION\=YES
    export CLANG_WARN_EMPTY_BODY\=YES
    export CLANG_WARN_ENUM_CONVERSION\=YES
    export CLANG_WARN_INFINITE_RECURSION\=YES
    export CLANG_WARN_INT_CONVERSION\=YES
    export CLANG_WARN_NON_LITERAL_NULL_CONVERSION\=YES
    export CLANG_WARN_OBJC_LITERAL_CONVERSION\=YES
    export CLANG_WARN_RANGE_LOOP_ANALYSIS\=YES
    export CLANG_WARN_STRICT_PROTOTYPES\=YES
    export CLANG_WARN_SUSPICIOUS_MOVE\=YES
    export CLANG_WARN_UNREACHABLE_CODE\=YES
    export CLANG_WARN__DUPLICATE_METHOD_MATCH\=YES
    export CLASS_FILE_DIR\=/Users/zydon/Sites/MacDown/build/AuditCampaign03/Build/Intermediates.noindex/version.build/Debug/version.build/JavaClasses
    export CLONE_HEADERS\=NO
    export CODE_SIGNING_ALLOWED\=YES
    export CODE_SIGN_IDENTITY\=-
    export CODE_SIGN_INJECT_BASE_ENTITLEMENTS\=YES
    export COLOR_DIAGNOSTICS\=NO
    export COMPILATION_CACHE_CAS_PATH\=/Users/zydon/Sites/MacDown/build/AuditCampaign03/CompilationCache.noindex
    export COMPILATION_CACHE_KEEP_CAS_DIRECTORY\=YES
    export COMPILER_INDEX_STORE_ENABLE\=Default
    export COMPRESS_PNG_FILES\=NO
    export CONFIGURATION\=Debug
    export CONFIGURATION_BUILD_DIR\=/Users/zydon/Sites/MacDown/build/AuditCampaign03/Build/Products/Debug
    export CONFIGURATION_TEMP_DIR\=/Users/zydon/Sites/MacDown/build/AuditCampaign03/Build/Intermediates.noindex/version.build/Debug
    export COPYING_PRESERVES_HFS_DATA\=NO
    export COPY_HEADERS_RUN_UNIFDEF\=NO
    export COPY_PHASE_STRIP\=YES
    export CREATE_INFOPLIST_SECTION_IN_BINARY\=NO
    export DEAD_CODE_STRIPPING\=NO
    export DEBUGGING_SYMBOLS\=YES
    export DEBUG_INFORMATION_VERSION\=compiler-default
    export DEFAULT_COMPILER\=com.apple.compilers.llvm.clang.1_0
    export DEFAULT_DEXT_INSTALL_PATH\=/System/Library/DriverExtensions
    export DEFAULT_KEXT_INSTALL_PATH\=/System/Library/Extensions
    export DEFINES_MODULE\=NO
    export DEPLOYMENT_LOCATION\=NO
    export DEPLOYMENT_POSTPROCESSING\=NO
    export DEPLOYMENT_TARGET_SETTING_NAME\=MACOSX_DEPLOYMENT_TARGET
    export DERIVED_FILES_DIR\=
    export DERIVED_FILE_DIR\=/Users/zydon/Sites/MacDown/build/AuditCampaign03/Build/Intermediates.noindex/version.build/Debug/version.build/DerivedSources
    export DERIVED_SOURCES_DIR\=/Users/zydon/Sites/MacDown/build/AuditCampaign03/Build/Intermediates.noindex/version.build/Debug/version.build/DerivedSources
    export DEVELOPER_APPLICATIONS_DIR\=/Applications/Xcode.app/Contents/Developer/Applications
    export DEVELOPER_BIN_DIR\=/Applications/Xcode.app/Contents/Developer/usr/bin
    export DEVELOPER_DIR\=/Applications/Xcode.app/Contents/Developer
    export DEVELOPER_FRAMEWORKS_DIR\=/Applications/Xcode.app/Contents/Developer/Library/Frameworks
    export DEVELOPER_FRAMEWORKS_DIR_QUOTED\=/Applications/Xcode.app/Contents/Developer/Library/Frameworks
    export DEVELOPER_LIBRARY_DIR\=/Applications/Xcode.app/Contents/Developer/Library
    export DEVELOPER_SDK_DIR\=/Applications/Xcode.app/Contents/Developer/Platforms/MacOSX.platform/Developer/SDKs
    export DEVELOPER_TOOLS_DIR\=/Applications/Xcode.app/Contents/Developer/Tools
    export DEVELOPER_USR_DIR\=/Applications/Xcode.app/Contents/Developer/usr
    export DEVELOPMENT_LANGUAGE\=en
    export DIAGNOSE_MISSING_TARGET_DEPENDENCIES\=YES
    export DONT_GENERATE_INFOPLIST_FILE\=NO
    export DSTROOT\=/tmp/version.dst
    export DT_TOOLCHAIN_DIR\=/Applications/Xcode.app/Contents/Developer/Toolchains/XcodeDefault.xctoolchain
    export DWARF_DSYM_FILE_NAME\=.dSYM
    export DWARF_DSYM_FILE_SHOULD_ACCOMPANY_PRODUCT\=NO
    export DWARF_DSYM_FOLDER_PATH\=/Users/zydon/Sites/MacDown/build/AuditCampaign03/Build/Products/Debug
    export EAGER_COMPILATION_ALLOW_SCRIPTS\=NO
    export EAGER_LINKING\=NO
    export EMBEDDED_CONTENT_CONTAINS_SWIFT\=NO
    export EMBEDDED_PROFILE_NAME\=embedded.provisionprofile
    export EMBED_ASSET_PACKS_IN_PRODUCT_BUNDLE\=NO
    export ENABLE_APP_SANDBOX\=NO
    export ENABLE_CODE_COVERAGE\=YES
    export ENABLE_CPLUSPLUS_BOUNDS_SAFE_BUFFERS\=NO
    export ENABLE_C_BOUNDS_SAFETY\=NO
    export ENABLE_DEBUG_DYLIB\=NO
    export ENABLE_DEFAULT_HEADER_SEARCH_PATHS\=YES
    export ENABLE_DEFAULT_SEARCH_PATHS\=YES
    export ENABLE_ENHANCED_SECURITY\=NO
    export ENABLE_HARDENED_RUNTIME\=NO
    export ENABLE_HEADER_DEPENDENCIES\=YES
    export ENABLE_INCOMING_NETWORK_CONNECTIONS\=NO
    export ENABLE_ON_DEMAND_RESOURCES\=NO
    export ENABLE_OUTGOING_NETWORK_CONNECTIONS\=NO
    export ENABLE_POINTER_AUTHENTICATION\=NO
    export ENABLE_PREVIEWS\=NO
    export ENABLE_RESOURCE_ACCESS_AUDIO_INPUT\=NO
    export ENABLE_RESOURCE_ACCESS_BLUETOOTH\=NO
    export ENABLE_RESOURCE_ACCESS_CALENDARS\=NO
    export ENABLE_RESOURCE_ACCESS_CAMERA\=NO
    export ENABLE_RESOURCE_ACCESS_CONTACTS\=NO
    export ENABLE_RESOURCE_ACCESS_LOCATION\=NO
    export ENABLE_RESOURCE_ACCESS_PHOTO_LIBRARY\=NO
    export ENABLE_RESOURCE_ACCESS_PRINTING\=NO
    export ENABLE_RESOURCE_ACCESS_USB\=NO
    export ENABLE_SDK_IMPORTS\=NO
    export ENABLE_SECURITY_COMPILER_WARNINGS\=NO
    export ENABLE_STRICT_OBJC_MSGSEND\=YES
    export ENABLE_TESTABILITY\=YES
    export ENABLE_TESTING_SEARCH_PATHS\=NO
    export ENABLE_USER_SCRIPT_SANDBOXING\=NO
    export ENABLE_XOJIT_PREVIEWS\=NO
    export ENFORCE_VALID_ARCHS\=YES
    export ENTITLEMENTS_DESTINATION\=Signature
    export EXCLUDED_INSTALLSRC_SUBDIRECTORY_PATTERNS\=.DS_Store\ .svn\ .git\ .hg\ CVS
    export EXCLUDED_RECURSIVE_SEARCH_PATH_SUBDIRECTORIES\=\*.nib\ \*.lproj\ \*.framework\ \*.gch\ \*.xcode\*\ \*.xcassets\ \*.icon\ \(\*\)\ .DS_Store\ CVS\ .svn\ .git\ .hg\ \*.pbproj\ \*.pbxproj
    export FILE_LIST\=/Users/zydon/Sites/MacDown/build/AuditCampaign03/Build/Intermediates.noindex/version.build/Debug/version.build/Objects/LinkFileList
    export FRAMEWORK_VERSION\=A
    export FUSE_BUILD_PHASES\=YES
    export FUSE_BUILD_SCRIPT_PHASES\=NO
    export GCC3_VERSION\=3.3
    export GCC_GENERATE_DEBUGGING_SYMBOLS\=YES
    export GCC_NO_COMMON_BLOCKS\=YES
    export GCC_OPTIMIZATION_LEVEL\=0
    export GCC_VERSION\=com.apple.compilers.llvm.clang.1_0
    export GCC_WARN_64_TO_32_BIT_CONVERSION\=YES
    export GCC_WARN_ABOUT_RETURN_TYPE\=YES
    export GCC_WARN_UNDECLARED_SELECTOR\=YES
    export GCC_WARN_UNINITIALIZED_AUTOS\=YES
    export GCC_WARN_UNUSED_FUNCTION\=YES
    export GCC_WARN_UNUSED_VARIABLE\=YES
    export GENERATED_MODULEMAP_DIR\=/Users/zydon/Sites/MacDown/build/AuditCampaign03/Build/Intermediates.noindex/GeneratedModuleMaps
    export GENERATE_INFOPLIST_FILE\=NO
    export GENERATE_INTERMEDIATE_TEXT_BASED_STUBS\=YES
    export GENERATE_PKGINFO_FILE\=NO
    export GENERATE_PRELINK_OBJECT_FILE\=NO
    export GENERATE_PROFILING_CODE\=NO
    export GENERATE_TEXT_BASED_STUBS\=NO
    export GID\=20
    export GROUP\=staff
    export HEADERMAP_INCLUDES_FLAT_ENTRIES_FOR_TARGET_BEING_BUILT\=YES
    export HEADERMAP_INCLUDES_FRAMEWORK_ENTRIES_FOR_ALL_PRODUCT_TYPES\=YES
    export HEADERMAP_INCLUDES_FRAMEWORK_ENTRIES_FOR_TARGETS_NOT_BEING_BUILT\=YES
    export HEADERMAP_INCLUDES_NONPUBLIC_NONPRIVATE_HEADERS\=YES
    export HEADERMAP_INCLUDES_PROJECT_HEADERS\=YES
    export HEADERMAP_USES_FRAMEWORK_PREFIX_ENTRIES\=YES
    export HEADERMAP_USES_VFS\=NO
    export HOME\=/Users/zydon/Library/.macdown-audit-vault.8znky4qo/fixture-home
    export HOST_ARCH\=arm64
    export HOST_PLATFORM\=macosx
    export IMPLICIT_DEPENDENCY_DOMAIN\=default
    export INFOPLIST_ENABLE_CFBUNDLEICONS_MERGE\=YES
    export INFOPLIST_EXPAND_BUILD_SETTINGS\=YES
    export INFOPLIST_OUTPUT_FORMAT\=same-as-input
    export INFOPLIST_PREPROCESS\=NO
    export INLINE_PRIVATE_FRAMEWORKS\=NO
    export INSTALLAPI_IGNORE_SKIP_INSTALL\=YES
    export INSTALLHDRS_COPY_PHASE\=NO
    export INSTALLHDRS_SCRIPT_PHASE\=NO
    export INSTALL_DIR\=/tmp/version.dst
    export INSTALL_GROUP\=staff
    export INSTALL_MODE_FLAG\=u+w,go-w,a+rX
    export INSTALL_OWNER\=zydon
    export INSTALL_ROOT\=/tmp/version.dst
    export JAVA_APP_STUB\=/System/Library/Frameworks/JavaVM.framework/Resources/MacOS/JavaApplicationStub
    export JAVA_ARCHIVE_CLASSES\=YES
    export JAVA_ARCHIVE_TYPE\=JAR
    export JAVA_COMPILER\=/usr/bin/javac
    export JAVA_FRAMEWORK_RESOURCES_DIRS\=Resources
    export JAVA_JAR_FLAGS\=cv
    export JAVA_SOURCE_SUBDIR\=.
    export JAVA_USE_DEPENDENCIES\=YES
    export JAVA_ZIP_FLAGS\=-urg
    export KEEP_PRIVATE_EXTERNS\=NO
    export LD_DEPENDENCY_INFO_FILE\=//version_dependency_info.dat
    export LD_EXPORT_SYMBOLS\=YES
    export LD_GENERATE_MAP_FILE\=NO
    export LD_MAP_FILE_PATH\=/Users/zydon/Sites/MacDown/build/AuditCampaign03/Build/Intermediates.noindex/version.build/Debug/version.build/version-LinkMap--.txt
    export LD_NO_PIE\=NO
    export LD_QUOTE_LINKER_ARGUMENTS_FOR_COMPILER_DRIVER\=YES
    export LD_SHARED_CACHE_ELIGIBLE\=Automatic
    export LD_WARN_DUPLICATE_LIBRARIES\=NO
    export LD_WARN_UNUSED_DYLIBS\=NO
    export LEGACY_DEVELOPER_DIR\=/Applications/Xcode.app/Contents/PlugIns/Xcode3Core.ideplugin/Contents/SharedSupport/Developer
    export LIBRARY_DEXT_INSTALL_PATH\=/Library/DriverExtensions
    export LIBRARY_FLAG_NOSPACE\=YES
    export LIBRARY_KEXT_INSTALL_PATH\=/Library/Extensions
    export LINKER_DISPLAYS_MANGLED_NAMES\=NO
    export LINK_FILE_LIST_normal_arm64\=/Users/zydon/Sites/MacDown/build/AuditCampaign03/Build/Intermediates.noindex/version.build/Debug/version.build/Objects-normal/arm64/version.LinkFileList
    export LINK_WITH_STANDARD_LIBRARIES\=YES
    export LLVM_TARGET_TRIPLE_OS_VERSION\=macos26.2
    export LLVM_TARGET_TRIPLE_VENDOR\=apple
    export LM_AUX_CONST_METADATA_LIST_PATH_normal_arm64\=/Users/zydon/Sites/MacDown/build/AuditCampaign03/Build/Intermediates.noindex/version.build/Debug/version.build/Objects-normal/arm64/version.SwiftConstValuesFileList
    export LOCALIZATION_EXPORT_SUPPORTED\=YES
    export LOCALIZATION_PREFERS_STRING_CATALOGS\=NO
    export LOCALIZED_STRING_MACRO_NAMES\=NSLocalizedString\ CFCopyLocalizedString
    export LOCALIZED_STRING_SWIFTUI_SUPPORT\=YES
    export LOCAL_ADMIN_APPS_DIR\=/Applications/Utilities
    export LOCAL_APPS_DIR\=/Applications
    export LOCAL_DEVELOPER_DIR\=/Library/Developer
    export LOCAL_LIBRARY_DIR\=/Library
    export LOCROOT\=/Users/zydon/Sites/MacDown/Dependency/version
    export LOCSYMROOT\=/Users/zydon/Sites/MacDown/Dependency/version
    export MACOSX_DEPLOYMENT_TARGET\=26.2
    export MAC_OS_X_PRODUCT_BUILD_VERSION\=25G83
    export MAC_OS_X_VERSION_ACTUAL\=260602
    export MAC_OS_X_VERSION_MAJOR\=260000
    export MAC_OS_X_VERSION_MINOR\=260600
    export MAKE_MERGEABLE\=NO
    export MERGEABLE_LIBRARY\=NO
    export MERGED_BINARY_TYPE\=none
    export MERGE_LINKED_LIBRARIES\=NO
    export METAL_LIBRARY_FILE_BASE\=default
    export METAL_LIBRARY_OUTPUT_DIR\=/Users/zydon/Sites/MacDown/build/AuditCampaign03/Build/Products/Debug/
    export MODULE_CACHE_DIR\=/Users/zydon/Sites/MacDown/build/AuditCampaign03/ModuleCache.noindex
    export NATIVE_ARCH\=arm64
    export NATIVE_ARCH_32_BIT\=arm
    export NATIVE_ARCH_64_BIT\=arm64
    export NATIVE_ARCH_ACTUAL\=arm64
    export OBJECT_FILE_DIR\=/Users/zydon/Sites/MacDown/build/AuditCampaign03/Build/Intermediates.noindex/version.build/Debug/version.build/Objects
    export OBJROOT\=/Users/zydon/Sites/MacDown/build/AuditCampaign03/Build/Intermediates.noindex
    export ONLY_ACTIVE_ARCH\=YES
    export OS\=MACOS
    export PATH\=/Applications/Xcode.app/Contents/SharedFrameworks/SwiftBuild.framework/Versions/A/PlugIns/SWBBuildService.bundle/Contents/PlugIns/SWBUniversalPlatformPlugin.bundle/Contents/Frameworks/SWBUniversalPlatform.framework/Resources:/Applications/Xcode.app/Contents/Developer/Toolchains/XcodeDefault.xctoolchain/usr/bin:/Applications/Xcode.app/Contents/Developer/Toolchains/XcodeDefault.xctoolchain/usr/local/bin:/Applications/Xcode.app/Contents/Developer/Toolchains/XcodeDefault.xctoolchain/usr/libexec:/Applications/Xcode.app/Contents/Developer/Platforms/MacOSX.platform/usr/bin:/Applications/Xcode.app/Contents/Developer/Platforms/MacOSX.platform/usr/local/bin:/Applications/Xcode.app/Contents/Developer/Platforms/MacOSX.platform/Developer/usr/bin:/Applications/Xcode.app/Contents/Developer/Platforms/MacOSX.platform/Developer/usr/local/bin:/Applications/Xcode.app/Contents/Developer/usr/bin:/Applications/Xcode.app/Contents/Developer/usr/local/bin:/Applications/ChatGPT.app/Contents/Resources/codex-cli/codex-path:/Users/zydon/.local/bin:/Users/zydon/.composer/vendor/bin:/opt/homebrew/opt/mysql@8.4/bin:/Users/zydon/.antigravity/antigravity/bin:/opt/homebrew/opt/php/bin:/opt/homebrew/opt/mariadb@10.11/bin:/Users/zydon/.nvm/versions/node/v24.19.0/bin:/opt/homebrew/opt/postgresql@16/bin:/Users/zydon/.npm-global/bin:/Library/Frameworks/Python.framework/Versions/3.13/bin:/opt/homebrew/bin:/opt/homebrew/sbin:/usr/local/bin:/System/Cryptexes/App/usr/bin:/usr/bin:/bin:/usr/sbin:/sbin:/var/run/com.apple.security.cryptexd/codex.system/bootstrap/usr/local/bin:/var/run/com.apple.security.cryptexd/codex.system/bootstrap/usr/bin:/var/run/com.apple.security.cryptexd/codex.system/bootstrap/usr/appleinternal/bin:/pkg/env/global/bin://Applications/Topaz\ Gigapixel\ AI.app/Contents/Resources/bin://Applications/Topaz\ Photo\ AI.app/Contents/Resources/bin:/Library/Apple/usr/bin:/Applications/VMware\ Fusion.app/Contents/Public:/usr/local/share/dotnet:/Users/zydon/.codex/tmp/arg0/codex-arg0iRA4Th:/Users/zydon/.cache/codex-runtimes/codex-primary-runtime/dependencies/bin/override:/Users/zydon/.lmstudio/bin:/Users/zydon/.cache/codex-runtimes/codex-primary-runtime/dependencies/bin/fallback:/Applications/ChatGPT.app/Contents/Resources:/Applications/ChatGPT.app/Contents/Resources/codex-cli/CodexCLI.app/Contents/MacOS
    export PATH_PREFIXES_EXCLUDED_FROM_HEADER_DEPENDENCIES\=/usr/include\ /usr/local/include\ /System/Library/Frameworks\ /System/Library/PrivateFrameworks\ /Applications/Xcode.app/Contents/Developer/Headers\ /Applications/Xcode.app/Contents/Developer/SDKs\ /Applications/Xcode.app/Contents/Developer/Platforms
    export PER_ARCH_MODULE_FILE_DIR\=/
    export PER_ARCH_OBJECT_FILE_DIR\=/
    export PLATFORM_DEVELOPER_APPLICATIONS_DIR\=/Applications/Xcode.app/Contents/Developer/Applications
    export PLATFORM_DEVELOPER_BIN_DIR\=/Applications/Xcode.app/Contents/Developer/usr/bin
    export PLATFORM_DEVELOPER_LIBRARY_DIR\=/Applications/Xcode.app/Contents/Developer/Library
    export PLATFORM_DEVELOPER_SDK_DIR\=/Applications/Xcode.app/Contents/Developer/Platforms/MacOSX.platform/Developer/SDKs
    export PLATFORM_DEVELOPER_TOOLS_DIR\=/Applications/Xcode.app/Contents/Developer/Tools
    export PLATFORM_DEVELOPER_USR_DIR\=/Applications/Xcode.app/Contents/Developer/usr
    export PLATFORM_DIR\=/Applications/Xcode.app/Contents/Developer/Platforms/MacOSX.platform
    export PLATFORM_DISPLAY_NAME\=macOS
    export PLATFORM_FAMILY_NAME\=macOS
    export PLATFORM_NAME\=macosx
    export PLATFORM_PREFERRED_ARCH\=x86_64
    export PLATFORM_PRODUCT_BUILD_VERSION\=25C57
    export PLIST_FILE_OUTPUT_FORMAT\=same-as-input
    export PRECOMPS_INCLUDE_HEADERS_FROM_BUILT_PRODUCTS_DIR\=YES
    export PRECOMP_DESTINATION_DIR\=/Users/zydon/Sites/MacDown/build/AuditCampaign03/Build/Intermediates.noindex/version.build/Debug/version.build/PrefixHeaders
    export PRODUCT_MODULE_NAME\=version
    export PRODUCT_NAME\=version
    export PROFILING_CODE\=NO
    export PROJECT\=version
    export PROJECT_DERIVED_FILE_DIR\=/Users/zydon/Sites/MacDown/build/AuditCampaign03/Build/Intermediates.noindex/version.build/DerivedSources
    export PROJECT_DIR\=/Users/zydon/Sites/MacDown/Dependency/version
    export PROJECT_FILE_PATH\=/Users/zydon/Sites/MacDown/Dependency/version/version.xcodeproj
    export PROJECT_GUID\=3edced49369056db1a02f6ab344446be
    export PROJECT_NAME\=version
    export PROJECT_TEMP_DIR\=/Users/zydon/Sites/MacDown/build/AuditCampaign03/Build/Intermediates.noindex/version.build
    export PROJECT_TEMP_ROOT\=/Users/zydon/Sites/MacDown/build/AuditCampaign03/Build/Intermediates.noindex
    export REMOVE_CVS_FROM_RESOURCES\=YES
    export REMOVE_GIT_FROM_RESOURCES\=YES
    export REMOVE_HEADERS_FROM_EMBEDDED_BUNDLES\=YES
    export REMOVE_HG_FROM_RESOURCES\=YES
    export REMOVE_SVN_FROM_RESOURCES\=YES
    export RESCHEDULE_INDEPENDENT_HEADERS_PHASES\=YES
    export RUNTIME_EXCEPTION_ALLOW_DYLD_ENVIRONMENT_VARIABLES\=NO
    export RUNTIME_EXCEPTION_ALLOW_JIT\=NO
    export RUNTIME_EXCEPTION_ALLOW_UNSIGNED_EXECUTABLE_MEMORY\=NO
    export RUNTIME_EXCEPTION_DEBUGGING_TOOL\=NO
    export RUNTIME_EXCEPTION_DISABLE_EXECUTABLE_PAGE_PROTECTION\=NO
    export RUNTIME_EXCEPTION_DISABLE_LIBRARY_VALIDATION\=NO
    export SCAN_ALL_SOURCE_FILES_FOR_INCLUDES\=NO
    export SDKROOT\=/Applications/Xcode.app/Contents/Developer/Platforms/MacOSX.platform/Developer/SDKs/MacOSX26.2.sdk
    export SDK_STAT_CACHE_ENABLE\=YES
    export SEPARATE_STRIP\=NO
    export SEPARATE_SYMBOL_EDIT\=NO
    export SHARED_DERIVED_FILE_DIR\=/Users/zydon/Sites/MacDown/build/AuditCampaign03/Build/Products/Debug/DerivedSources
    export SHARED_PRECOMPS_DIR\=/Users/zydon/Sites/MacDown/build/AuditCampaign03/Build/Intermediates.noindex/PrecompiledHeaders
    export SKIP_INSTALL\=YES
    export SOURCE_ROOT\=/Users/zydon/Sites/MacDown/Dependency/version
    export SRCROOT\=/Users/zydon/Sites/MacDown/Dependency/version
    export STRINGSDATA_DIR\=/
    export STRINGSDATA_ROOT\=/Users/zydon/Sites/MacDown/build/AuditCampaign03/Build/Intermediates.noindex/version.build/Debug/version.build
    export STRINGS_FILE_INFOPLIST_RENAME\=YES
    export STRINGS_FILE_OUTPUT_ENCODING\=UTF-16
    export STRING_CATALOG_GENERATE_SYMBOLS\=NO
    export STRIP_BITCODE_FROM_COPIED_FILES\=NO
    export STRIP_INSTALLED_PRODUCT\=NO
    export STRIP_PNG_TEXT\=NO
    export STRIP_STYLE\=all
    export STRIP_SWIFT_SYMBOLS\=YES
    export SUPPORTED_PLATFORMS\=macosx
    export SUPPORTS_TEXT_BASED_API\=NO
    export SUPPRESS_WARNINGS\=NO
    export SWIFT_EMIT_CONST_VALUE_PROTOCOLS\=AppIntent\ EntityQuery\ AppEntity\ TransientEntity\ AppEnum\ AppShortcutProviding\ AppShortcutsProvider\ AnyResolverProviding\ AppIntentsPackage\ DynamicOptionsProvider\ _IntentValueRepresentable\ _AssistantIntentsProvider\ _GenerativeFunctionExtractable\ IntentValueQuery\ Resolver\ AppExtension\ ExtensionPointDefining
    export SWIFT_EMIT_LOC_STRINGS\=NO
    export SWIFT_PLATFORM_TARGET_PREFIX\=macos
    export SWIFT_RESPONSE_FILE_PATH_normal_arm64\=/Users/zydon/Sites/MacDown/build/AuditCampaign03/Build/Intermediates.noindex/version.build/Debug/version.build/Objects-normal/arm64/version.SwiftFileList
    export SYMROOT\=/Users/zydon/Sites/MacDown/build/AuditCampaign03/Build/Products
    export SYSTEM_ADMIN_APPS_DIR\=/Applications/Utilities
    export SYSTEM_APPS_DIR\=/Applications
    export SYSTEM_CORE_SERVICES_DIR\=/System/Library/CoreServices
    export SYSTEM_DEMOS_DIR\=/Applications/Extras
    export SYSTEM_DEVELOPER_APPS_DIR\=/Applications/Xcode.app/Contents/Developer/Applications
    export SYSTEM_DEVELOPER_BIN_DIR\=/Applications/Xcode.app/Contents/Developer/usr/bin
    export SYSTEM_DEVELOPER_DEMOS_DIR\=/Applications/Xcode.app/Contents/Developer/Applications/Utilities/Built\ Examples
    export SYSTEM_DEVELOPER_DIR\=/Applications/Xcode.app/Contents/Developer
    export SYSTEM_DEVELOPER_DOC_DIR\=/Applications/Xcode.app/Contents/Developer/ADC\ Reference\ Library
    export SYSTEM_DEVELOPER_GRAPHICS_TOOLS_DIR\=/Applications/Xcode.app/Contents/Developer/Applications/Graphics\ Tools
    export SYSTEM_DEVELOPER_JAVA_TOOLS_DIR\=/Applications/Xcode.app/Contents/Developer/Applications/Java\ Tools
    export SYSTEM_DEVELOPER_PERFORMANCE_TOOLS_DIR\=/Applications/Xcode.app/Contents/Developer/Applications/Performance\ Tools
    export SYSTEM_DEVELOPER_RELEASENOTES_DIR\=/Applications/Xcode.app/Contents/Developer/ADC\ Reference\ Library/releasenotes
    export SYSTEM_DEVELOPER_TOOLS\=/Applications/Xcode.app/Contents/Developer/Tools
    export SYSTEM_DEVELOPER_TOOLS_DOC_DIR\=/Applications/Xcode.app/Contents/Developer/ADC\ Reference\ Library/documentation/DeveloperTools
    export SYSTEM_DEVELOPER_TOOLS_RELEASENOTES_DIR\=/Applications/Xcode.app/Contents/Developer/ADC\ Reference\ Library/releasenotes/DeveloperTools
    export SYSTEM_DEVELOPER_USR_DIR\=/Applications/Xcode.app/Contents/Developer/usr
    export SYSTEM_DEVELOPER_UTILITIES_DIR\=/Applications/Xcode.app/Contents/Developer/Applications/Utilities
    export SYSTEM_DEXT_INSTALL_PATH\=/System/Library/DriverExtensions
    export SYSTEM_DOCUMENTATION_DIR\=/Library/Documentation
    export SYSTEM_KEXT_INSTALL_PATH\=/System/Library/Extensions
    export SYSTEM_LIBRARY_DIR\=/System/Library
    export TAPI_DEMANGLE\=YES
    export TAPI_ENABLE_PROJECT_HEADERS\=NO
    export TAPI_LANGUAGE\=objective-c
    export TAPI_LANGUAGE_STANDARD\=compiler-default
    export TAPI_VERIFY_MODE\=Pedantic
    export TARGETNAME\=version
    export TARGET_BUILD_DIR\=/Users/zydon/Sites/MacDown/build/AuditCampaign03/Build/Products/Debug
    export TARGET_NAME\=version
    export TARGET_TEMP_DIR\=/Users/zydon/Sites/MacDown/build/AuditCampaign03/Build/Intermediates.noindex/version.build/Debug/version.build
    export TEMP_DIR\=/Users/zydon/Sites/MacDown/build/AuditCampaign03/Build/Intermediates.noindex/version.build/Debug/version.build
    export TEMP_FILES_DIR\=/Users/zydon/Sites/MacDown/build/AuditCampaign03/Build/Intermediates.noindex/version.build/Debug/version.build
    export TEMP_FILE_DIR\=/Users/zydon/Sites/MacDown/build/AuditCampaign03/Build/Intermediates.noindex/version.build/Debug/version.build
    export TEMP_ROOT\=/Users/zydon/Sites/MacDown/build/AuditCampaign03/Build/Intermediates.noindex
    export TEMP_SANDBOX_DIR\=/Users/zydon/Sites/MacDown/build/AuditCampaign03/Build/Intermediates.noindex/TemporaryTaskSandboxes
    export TOOLCHAIN_DIR\=/Applications/Xcode.app/Contents/Developer/Toolchains/XcodeDefault.xctoolchain
    export TREAT_MISSING_BASELINES_AS_TEST_FAILURES\=NO
    export TREAT_MISSING_SCRIPT_PHASE_OUTPUTS_AS_ERRORS\=NO
    export UID\=501
    export UNINSTALLED_PRODUCTS_DIR\=/Users/zydon/Sites/MacDown/build/AuditCampaign03/Build/Intermediates.noindex/UninstalledProducts
    export USER\=zydon
    export USER_APPS_DIR\=/Users/zydon/Library/.macdown-audit-vault.8znky4qo/fixture-home/Applications
    export USER_LIBRARY_DIR\=/Users/zydon/Library/.macdown-audit-vault.8znky4qo/fixture-home/Library
    export USE_HEADERMAP\=YES
    export VALIDATE_DEVELOPMENT_ASSET_PATHS\=YES_ERROR
    export VALID_ARCHS\=arm64\ arm64e\ i386\ x86_64
    export WORKSPACE_DIR\=/Users/zydon/Sites/MacDown
    export WRAP_ASSET_PACKS_IN_SEPARATE_DIRECTORIES\=NO
    export XCODE_APP_SUPPORT_DIR\=/Applications/Xcode.app/Contents/Developer/Library/Xcode
    export XCODE_PRODUCT_BUILD_VERSION\=17C52
    export XCODE_VERSION_ACTUAL\=2620
    export XCODE_VERSION_MAJOR\=2600
    export XCODE_VERSION_MINOR\=2620
    export _DISCOVER_COMMAND_LINE_LINKER_INPUTS\=YES
    export _DISCOVER_COMMAND_LINE_LINKER_INPUTS_INCLUDE_WL\=YES
    export _LD_MULTIARCH\=YES
    export __DIAGNOSE_DEPRECATED_ARCHS\=YES
    export arch\=undefined_arch
    export variant\=normal
    /usr/bin/make
bash ../../Tools/generate_version_header.sh

ProcessProductPackaging "" /Users/zydon/Sites/MacDown/build/AuditCampaign03/Build/Intermediates.noindex/MacDown\ 3000.build/Debug/macdown-cmd.build/macdown.xcent (in target 'macdown-cmd' from project 'MacDown 3000')
    cd /Users/zydon/Sites/MacDown
    
    Entitlements:
    
    {
    "com.apple.application-identifier" = "";
    "com.apple.security.get-task-allow" = 1;
}
    
    builtin-productPackagingUtility -entitlements -format xml -o /Users/zydon/Sites/MacDown/build/AuditCampaign03/Build/Intermediates.noindex/MacDown\ 3000.build/Debug/macdown-cmd.build/macdown.xcent

CodeSign /Users/zydon/Sites/MacDown/build/AuditCampaign03/Build/Products/Debug/GBCli/libGBCli.a (in target 'GBCli' from project 'Pods')
    cd /Users/zydon/Sites/MacDown/Pods
    
    Signing Identity:     "Sign to Run Locally"
    
    /usr/bin/codesign --force --sign - --entitlements /Users/zydon/Sites/MacDown/build/AuditCampaign03/Build/Intermediates.noindex/Pods.build/Debug/GBCli.build/libGBCli.a.xcent --timestamp\=none --generate-entitlement-der /Users/zydon/Sites/MacDown/build/AuditCampaign03/Build/Products/Debug/GBCli/libGBCli.a
/Users/zydon/Sites/MacDown/build/AuditCampaign03/Build/Products/Debug/GBCli/libGBCli.a: replacing existing signature

ProcessProductPackagingDER /Users/zydon/Sites/MacDown/build/AuditCampaign03/Build/Intermediates.noindex/MacDown\ 3000.build/Debug/macdown-cmd.build/macdown.xcent /Users/zydon/Sites/MacDown/build/AuditCampaign03/Build/Intermediates.noindex/MacDown\ 3000.build/Debug/macdown-cmd.build/macdown.xcent.der (in target 'macdown-cmd' from project 'MacDown 3000')
    cd /Users/zydon/Sites/MacDown
    /usr/bin/derq query -f xml -i /Users/zydon/Sites/MacDown/build/AuditCampaign03/Build/Intermediates.noindex/MacDown\ 3000.build/Debug/macdown-cmd.build/macdown.xcent -o /Users/zydon/Sites/MacDown/build/AuditCampaign03/Build/Intermediates.noindex/MacDown\ 3000.build/Debug/macdown-cmd.build/macdown.xcent.der --raw

ProcessProductPackaging "" /Users/zydon/Sites/MacDown/build/AuditCampaign03/Build/Intermediates.noindex/Pods.build/Debug/Pods-macdown-cmd.build/libPods-macdown-cmd.a.xcent (in target 'Pods-macdown-cmd' from project 'Pods')
    cd /Users/zydon/Sites/MacDown/Pods
    
    Entitlements:
    
    {
    "com.apple.application-identifier" = "org.cocoapods.Pods-macdown-cmd";
}
    
    builtin-productPackagingUtility -entitlements -format xml -o /Users/zydon/Sites/MacDown/build/AuditCampaign03/Build/Intermediates.noindex/Pods.build/Debug/Pods-macdown-cmd.build/libPods-macdown-cmd.a.xcent

ProcessProductPackagingDER /Users/zydon/Sites/MacDown/build/AuditCampaign03/Build/Intermediates.noindex/Pods.build/Debug/Pods-macdown-cmd.build/libPods-macdown-cmd.a.xcent /Users/zydon/Sites/MacDown/build/AuditCampaign03/Build/Intermediates.noindex/Pods.build/Debug/Pods-macdown-cmd.build/libPods-macdown-cmd.a.xcent.der (in target 'Pods-macdown-cmd' from project 'Pods')
    cd /Users/zydon/Sites/MacDown/Pods
    /usr/bin/derq query -f xml -i /Users/zydon/Sites/MacDown/build/AuditCampaign03/Build/Intermediates.noindex/Pods.build/Debug/Pods-macdown-cmd.build/libPods-macdown-cmd.a.xcent -o /Users/zydon/Sites/MacDown/build/AuditCampaign03/Build/Intermediates.noindex/Pods.build/Debug/Pods-macdown-cmd.build/libPods-macdown-cmd.a.xcent.der --raw

CodeSign /Users/zydon/Sites/MacDown/build/AuditCampaign03/Build/Products/Debug/libPods-macdown-cmd.a (in target 'Pods-macdown-cmd' from project 'Pods')
    cd /Users/zydon/Sites/MacDown/Pods
    
    Signing Identity:     "Sign to Run Locally"
    
    /usr/bin/codesign --force --sign - --entitlements /Users/zydon/Sites/MacDown/build/AuditCampaign03/Build/Intermediates.noindex/Pods.build/Debug/Pods-macdown-cmd.build/libPods-macdown-cmd.a.xcent --timestamp\=none --generate-entitlement-der /Users/zydon/Sites/MacDown/build/AuditCampaign03/Build/Products/Debug/libPods-macdown-cmd.a
/Users/zydon/Sites/MacDown/build/AuditCampaign03/Build/Products/Debug/libPods-macdown-cmd.a: replacing existing signature

PhaseScriptExecution [CP]\ Check\ Pods\ Manifest.lock /Users/zydon/Sites/MacDown/build/AuditCampaign03/Build/Intermediates.noindex/MacDown\ 3000.build/Debug/macdown-cmd.build/Script-6C852F8D7610992AEEA172AE.sh (in target 'macdown-cmd' from project 'MacDown 3000')
    cd /Users/zydon/Sites/MacDown
    /bin/sh -c /Users/zydon/Sites/MacDown/build/AuditCampaign03/Build/Intermediates.noindex/MacDown\\\ 3000.build/Debug/macdown-cmd.build/Script-6C852F8D7610992AEEA172AE.sh

ExternalBuildToolExecution peg-markdown-highlight (in target 'peg-markdown-highlight' from project 'peg-markdown-highlight')
    cd /Users/zydon/Sites/MacDown/Dependency/peg-markdown-highlight
    export ACTION\=
    export ALLOW_BUILD_REQUEST_OVERRIDES\=NO
    export ALLOW_TARGET_PLATFORM_SPECIALIZATION\=NO
    export ALTERNATE_GROUP\=staff
    export ALTERNATE_MODE\=u+w,go-w,a+rX
    export ALTERNATE_OWNER\=zydon
    export ALTERNATIVE_DISTRIBUTION_WEB\=NO
    export ALWAYS_EMBED_SWIFT_STANDARD_LIBRARIES\=NO
    export ALWAYS_SEARCH_USER_PATHS\=YES
    export APPLICATION_EXTENSION_API_ONLY\=NO
    export APPLY_RULES_IN_COPY_FILES\=NO
    export APPLY_RULES_IN_COPY_HEADERS\=NO
    export APP_SHORTCUTS_ENABLE_FLEXIBLE_MATCHING\=YES
    export ARCHS\=arm64
    export ARCHS_STANDARD\=arm64\ x86_64
    export ARCHS_STANDARD_32_64_BIT\=arm64\ x86_64\ i386
    export ARCHS_STANDARD_32_BIT\=i386
    export ARCHS_STANDARD_64_BIT\=arm64\ x86_64
    export ARCHS_STANDARD_INCLUDING_64_BIT\=arm64\ x86_64
    export AUTOMATICALLY_MERGE_DEPENDENCIES\=NO
    export AUTOMATION_APPLE_EVENTS\=NO
    export AVAILABLE_PLATFORMS\=android\ appletvos\ appletvsimulator\ driverkit\ iphoneos\ iphonesimulator\ macosx\ qnx\ watchos\ watchsimulator\ webassembly\ xros\ xrsimulator
    export BUILD_ACTIVE_RESOURCES_ONLY\=NO
    export BUILD_COMPONENTS\=headers\ build
    export BUILD_DIR\=/Users/zydon/Sites/MacDown/build/AuditCampaign03/Build/Products
    export BUILD_LIBRARY_FOR_DISTRIBUTION\=NO
    export BUILD_ROOT\=/Users/zydon/Sites/MacDown/build/AuditCampaign03/Build/Products
    export BUILD_STYLE\=
    export BUILD_VARIANTS\=normal
    export BUILT_PRODUCTS_DIR\=/Users/zydon/Sites/MacDown/build/AuditCampaign03/Build/Products/Debug
    export BUNDLE_CONTENTS_FOLDER_PATH\=Contents/
    export BUNDLE_CONTENTS_FOLDER_PATH_deep\=Contents/
    export BUNDLE_EXECUTABLE_FOLDER_NAME_deep\=MacOS
    export BUNDLE_EXECUTABLE_FOLDER_PATH\=Contents/MacOS
    export BUNDLE_EXTENSIONS_FOLDER_PATH\=Contents/Extensions
    export BUNDLE_FORMAT\=deep
    export BUNDLE_FRAMEWORKS_FOLDER_PATH\=Contents/Frameworks
    export BUNDLE_PLUGINS_FOLDER_PATH\=Contents/PlugIns
    export BUNDLE_PRIVATE_HEADERS_FOLDER_PATH\=Contents/PrivateHeaders
    export BUNDLE_PUBLIC_HEADERS_FOLDER_PATH\=Contents/Headers
    export CACHE_ROOT\=/var/folders/sl/qh_kc_kn1r732kw2tsj7z5xh0000gn/C/com.apple.DeveloperTools/26.2-17C52/Xcode
    export CLANG_CACHE_FINE_GRAINED_OUTPUTS\=YES
    export CLANG_ENABLE_EXPLICIT_MODULES\=YES
    export CLANG_MODULES_BUILD_SESSION_FILE\=/Users/zydon/Sites/MacDown/build/AuditCampaign03/ModuleCache.noindex/Session.modulevalidation
    export CLANG_WARN_BLOCK_CAPTURE_AUTORELEASING\=YES
    export CLANG_WARN_BOOL_CONVERSION\=YES
    export CLANG_WARN_COMMA\=YES
    export CLANG_WARN_CONSTANT_CONVERSION\=YES
    export CLANG_WARN_EMPTY_BODY\=YES
    export CLANG_WARN_ENUM_CONVERSION\=YES
    export CLANG_WARN_INFINITE_RECURSION\=YES
    export CLANG_WARN_INT_CONVERSION\=YES
    export CLANG_WARN_NON_LITERAL_NULL_CONVERSION\=YES
    export CLANG_WARN_OBJC_LITERAL_CONVERSION\=YES
    export CLANG_WARN_RANGE_LOOP_ANALYSIS\=YES
    export CLANG_WARN_STRICT_PROTOTYPES\=YES
    export CLANG_WARN_SUSPICIOUS_MOVE\=YES
    export CLANG_WARN_UNREACHABLE_CODE\=YES
    export CLANG_WARN__DUPLICATE_METHOD_MATCH\=YES
    export CLASS_FILE_DIR\=/Users/zydon/Sites/MacDown/build/AuditCampaign03/Build/Intermediates.noindex/peg-markdown-highlight.build/Debug/peg-markdown-highlight.build/JavaClasses
    export CLONE_HEADERS\=NO
    export CODE_SIGNING_ALLOWED\=YES
    export CODE_SIGN_IDENTITY\=-
    export CODE_SIGN_INJECT_BASE_ENTITLEMENTS\=YES
    export COLOR_DIAGNOSTICS\=NO
    export COMPILATION_CACHE_CAS_PATH\=/Users/zydon/Sites/MacDown/build/AuditCampaign03/CompilationCache.noindex
    export COMPILATION_CACHE_KEEP_CAS_DIRECTORY\=YES
    export COMPILER_INDEX_STORE_ENABLE\=Default
    export COMPRESS_PNG_FILES\=NO
    export CONFIGURATION\=Debug
    export CONFIGURATION_BUILD_DIR\=/Users/zydon/Sites/MacDown/build/AuditCampaign03/Build/Products/Debug
    export CONFIGURATION_TEMP_DIR\=/Users/zydon/Sites/MacDown/build/AuditCampaign03/Build/Intermediates.noindex/peg-markdown-highlight.build/Debug
    export COPYING_PRESERVES_HFS_DATA\=NO
    export COPY_HEADERS_RUN_UNIFDEF\=NO
    export COPY_PHASE_STRIP\=YES
    export CREATE_INFOPLIST_SECTION_IN_BINARY\=NO
    export DEAD_CODE_STRIPPING\=NO
    export DEBUGGING_SYMBOLS\=YES
    export DEBUG_INFORMATION_VERSION\=compiler-default
    export DEFAULT_COMPILER\=com.apple.compilers.llvm.clang.1_0
    export DEFAULT_DEXT_INSTALL_PATH\=/System/Library/DriverExtensions
    export DEFAULT_KEXT_INSTALL_PATH\=/System/Library/Extensions
    export DEFINES_MODULE\=NO
    export DEPLOYMENT_LOCATION\=NO
    export DEPLOYMENT_POSTPROCESSING\=NO
    export DEPLOYMENT_TARGET_SETTING_NAME\=MACOSX_DEPLOYMENT_TARGET
    export DERIVED_FILES_DIR\=
    export DERIVED_FILE_DIR\=/Users/zydon/Sites/MacDown/build/AuditCampaign03/Build/Intermediates.noindex/peg-markdown-highlight.build/Debug/peg-markdown-highlight.build/DerivedSources
    export DERIVED_SOURCES_DIR\=/Users/zydon/Sites/MacDown/build/AuditCampaign03/Build/Intermediates.noindex/peg-markdown-highlight.build/Debug/peg-markdown-highlight.build/DerivedSources
    export DEVELOPER_APPLICATIONS_DIR\=/Applications/Xcode.app/Contents/Developer/Applications
    export DEVELOPER_BIN_DIR\=/Applications/Xcode.app/Contents/Developer/usr/bin
    export DEVELOPER_DIR\=/Applications/Xcode.app/Contents/Developer
    export DEVELOPER_FRAMEWORKS_DIR\=/Applications/Xcode.app/Contents/Developer/Library/Frameworks
    export DEVELOPER_FRAMEWORKS_DIR_QUOTED\=/Applications/Xcode.app/Contents/Developer/Library/Frameworks
    export DEVELOPER_LIBRARY_DIR\=/Applications/Xcode.app/Contents/Developer/Library
    export DEVELOPER_SDK_DIR\=/Applications/Xcode.app/Contents/Developer/Platforms/MacOSX.platform/Developer/SDKs
    export DEVELOPER_TOOLS_DIR\=/Applications/Xcode.app/Contents/Developer/Tools
    export DEVELOPER_USR_DIR\=/Applications/Xcode.app/Contents/Developer/usr
    export DEVELOPMENT_LANGUAGE\=en
    export DIAGNOSE_MISSING_TARGET_DEPENDENCIES\=YES
    export DONT_GENERATE_INFOPLIST_FILE\=NO
    export DSTROOT\=/tmp/peg-markdown-highlight.dst
    export DT_TOOLCHAIN_DIR\=/Applications/Xcode.app/Contents/Developer/Toolchains/XcodeDefault.xctoolchain
    export DWARF_DSYM_FILE_NAME\=.dSYM
    export DWARF_DSYM_FILE_SHOULD_ACCOMPANY_PRODUCT\=NO
    export DWARF_DSYM_FOLDER_PATH\=/Users/zydon/Sites/MacDown/build/AuditCampaign03/Build/Products/Debug
    export EAGER_COMPILATION_ALLOW_SCRIPTS\=NO
    export EAGER_LINKING\=NO
    export EMBEDDED_CONTENT_CONTAINS_SWIFT\=NO
    export EMBEDDED_PROFILE_NAME\=embedded.provisionprofile
    export EMBED_ASSET_PACKS_IN_PRODUCT_BUNDLE\=NO
    export ENABLE_APP_SANDBOX\=NO
    export ENABLE_CODE_COVERAGE\=YES
    export ENABLE_CPLUSPLUS_BOUNDS_SAFE_BUFFERS\=NO
    export ENABLE_C_BOUNDS_SAFETY\=NO
    export ENABLE_DEBUG_DYLIB\=NO
    export ENABLE_DEFAULT_HEADER_SEARCH_PATHS\=YES
    export ENABLE_DEFAULT_SEARCH_PATHS\=YES
    export ENABLE_ENHANCED_SECURITY\=NO
    export ENABLE_HARDENED_RUNTIME\=NO
    export ENABLE_HEADER_DEPENDENCIES\=YES
    export ENABLE_INCOMING_NETWORK_CONNECTIONS\=NO
    export ENABLE_ON_DEMAND_RESOURCES\=NO
    export ENABLE_OUTGOING_NETWORK_CONNECTIONS\=NO
    export ENABLE_POINTER_AUTHENTICATION\=NO
    export ENABLE_PREVIEWS\=NO
    export ENABLE_RESOURCE_ACCESS_AUDIO_INPUT\=NO
    export ENABLE_RESOURCE_ACCESS_BLUETOOTH\=NO
    export ENABLE_RESOURCE_ACCESS_CALENDARS\=NO
    export ENABLE_RESOURCE_ACCESS_CAMERA\=NO
    export ENABLE_RESOURCE_ACCESS_CONTACTS\=NO
    export ENABLE_RESOURCE_ACCESS_LOCATION\=NO
    export ENABLE_RESOURCE_ACCESS_PHOTO_LIBRARY\=NO
    export ENABLE_RESOURCE_ACCESS_PRINTING\=NO
    export ENABLE_RESOURCE_ACCESS_USB\=NO
    export ENABLE_SDK_IMPORTS\=NO
    export ENABLE_SECURITY_COMPILER_WARNINGS\=NO
    export ENABLE_STRICT_OBJC_MSGSEND\=YES
    export ENABLE_TESTABILITY\=YES
    export ENABLE_TESTING_SEARCH_PATHS\=NO
    export ENABLE_USER_SCRIPT_SANDBOXING\=NO
    export ENABLE_XOJIT_PREVIEWS\=NO
    export ENFORCE_VALID_ARCHS\=YES
    export ENTITLEMENTS_DESTINATION\=Signature
    export EXCLUDED_INSTALLSRC_SUBDIRECTORY_PATTERNS\=.DS_Store\ .svn\ .git\ .hg\ CVS
    export EXCLUDED_RECURSIVE_SEARCH_PATH_SUBDIRECTORIES\=\*.nib\ \*.lproj\ \*.framework\ \*.gch\ \*.xcode\*\ \*.xcassets\ \*.icon\ \(\*\)\ .DS_Store\ CVS\ .svn\ .git\ .hg\ \*.pbproj\ \*.pbxproj
    export FILE_LIST\=/Users/zydon/Sites/MacDown/build/AuditCampaign03/Build/Intermediates.noindex/peg-markdown-highlight.build/Debug/peg-markdown-highlight.build/Objects/LinkFileList
    export FRAMEWORK_VERSION\=A
    export FUSE_BUILD_PHASES\=YES
    export FUSE_BUILD_SCRIPT_PHASES\=NO
    export GCC3_VERSION\=3.3
    export GCC_ENABLE_FIX_AND_CONTINUE\=YES
    export GCC_NO_COMMON_BLOCKS\=YES
    export GCC_VERSION\=com.apple.compilers.llvm.clang.1_0
    export GCC_WARN_64_TO_32_BIT_CONVERSION\=YES
    export GCC_WARN_ABOUT_RETURN_TYPE\=YES
    export GCC_WARN_UNDECLARED_SELECTOR\=YES
    export GCC_WARN_UNINITIALIZED_AUTOS\=YES
    export GCC_WARN_UNUSED_FUNCTION\=YES
    export GCC_WARN_UNUSED_VARIABLE\=YES
    export GENERATED_MODULEMAP_DIR\=/Users/zydon/Sites/MacDown/build/AuditCampaign03/Build/Intermediates.noindex/GeneratedModuleMaps
    export GENERATE_INFOPLIST_FILE\=NO
    export GENERATE_INTERMEDIATE_TEXT_BASED_STUBS\=YES
    export GENERATE_PKGINFO_FILE\=NO
    export GENERATE_PRELINK_OBJECT_FILE\=NO
    export GENERATE_PROFILING_CODE\=NO
    export GENERATE_TEXT_BASED_STUBS\=NO
    export GID\=20
    export GROUP\=staff
    export HEADERMAP_INCLUDES_FLAT_ENTRIES_FOR_TARGET_BEING_BUILT\=YES
    export HEADERMAP_INCLUDES_FRAMEWORK_ENTRIES_FOR_ALL_PRODUCT_TYPES\=YES
    export HEADERMAP_INCLUDES_FRAMEWORK_ENTRIES_FOR_TARGETS_NOT_BEING_BUILT\=YES
    export HEADERMAP_INCLUDES_NONPUBLIC_NONPRIVATE_HEADERS\=YES
    export HEADERMAP_INCLUDES_PROJECT_HEADERS\=YES
    export HEADERMAP_USES_FRAMEWORK_PREFIX_ENTRIES\=YES
    export HEADERMAP_USES_VFS\=NO
    export HOME\=/Users/zydon/Library/.macdown-audit-vault.8znky4qo/fixture-home
    export HOST_ARCH\=arm64
    export HOST_PLATFORM\=macosx
    export IMPLICIT_DEPENDENCY_DOMAIN\=default
    export INFOPLIST_ENABLE_CFBUNDLEICONS_MERGE\=YES
    export INFOPLIST_EXPAND_BUILD_SETTINGS\=YES
    export INFOPLIST_OUTPUT_FORMAT\=same-as-input
    export INFOPLIST_PREPROCESS\=NO
    export INLINE_PRIVATE_FRAMEWORKS\=NO
    export INSTALLAPI_IGNORE_SKIP_INSTALL\=YES
    export INSTALLHDRS_COPY_PHASE\=NO
    export INSTALLHDRS_SCRIPT_PHASE\=NO
    export INSTALL_DIR\=/tmp/peg-markdown-highlight.dst
    export INSTALL_GROUP\=staff
    export INSTALL_MODE_FLAG\=u+w,go-w,a+rX
    export INSTALL_OWNER\=zydon
    export INSTALL_ROOT\=/tmp/peg-markdown-highlight.dst
    export JAVA_APP_STUB\=/System/Library/Frameworks/JavaVM.framework/Resources/MacOS/JavaApplicationStub
    export JAVA_ARCHIVE_CLASSES\=YES
    export JAVA_ARCHIVE_TYPE\=JAR
    export JAVA_COMPILER\=/usr/bin/javac
    export JAVA_FRAMEWORK_RESOURCES_DIRS\=Resources
    export JAVA_JAR_FLAGS\=cv
    export JAVA_SOURCE_SUBDIR\=.
    export JAVA_USE_DEPENDENCIES\=YES
    export JAVA_ZIP_FLAGS\=-urg
    export KEEP_PRIVATE_EXTERNS\=NO
    export LD_DEPENDENCY_INFO_FILE\=//_dependency_info.dat
    export LD_EXPORT_SYMBOLS\=YES
    export LD_GENERATE_MAP_FILE\=NO
    export LD_MAP_FILE_PATH\=/Users/zydon/Sites/MacDown/build/AuditCampaign03/Build/Intermediates.noindex/peg-markdown-highlight.build/Debug/peg-markdown-highlight.build/-LinkMap--.txt
    export LD_NO_PIE\=NO
    export LD_QUOTE_LINKER_ARGUMENTS_FOR_COMPILER_DRIVER\=YES
    export LD_SHARED_CACHE_ELIGIBLE\=Automatic
    export LD_WARN_DUPLICATE_LIBRARIES\=NO
    export LD_WARN_UNUSED_DYLIBS\=NO
    export LEGACY_DEVELOPER_DIR\=/Applications/Xcode.app/Contents/PlugIns/Xcode3Core.ideplugin/Contents/SharedSupport/Developer
    export LIBRARY_DEXT_INSTALL_PATH\=/Library/DriverExtensions
    export LIBRARY_FLAG_NOSPACE\=YES
    export LIBRARY_KEXT_INSTALL_PATH\=/Library/Extensions
    export LINKER_DISPLAYS_MANGLED_NAMES\=NO
    export LINK_FILE_LIST_normal_arm64\=/Users/zydon/Sites/MacDown/build/AuditCampaign03/Build/Intermediates.noindex/peg-markdown-highlight.build/Debug/peg-markdown-highlight.build/Objects-normal/arm64/.LinkFileList
    export LINK_WITH_STANDARD_LIBRARIES\=YES
    export LLVM_TARGET_TRIPLE_OS_VERSION\=macos26.2
    export LLVM_TARGET_TRIPLE_VENDOR\=apple
    export LM_AUX_CONST_METADATA_LIST_PATH_normal_arm64\=/Users/zydon/Sites/MacDown/build/AuditCampaign03/Build/Intermediates.noindex/peg-markdown-highlight.build/Debug/peg-markdown-highlight.build/Objects-normal/arm64/.SwiftConstValuesFileList
    export LOCALIZATION_EXPORT_SUPPORTED\=YES
    export LOCALIZATION_PREFERS_STRING_CATALOGS\=NO
    export LOCALIZED_STRING_MACRO_NAMES\=NSLocalizedString\ CFCopyLocalizedString
    export LOCALIZED_STRING_SWIFTUI_SUPPORT\=YES
    export LOCAL_ADMIN_APPS_DIR\=/Applications/Utilities
    export LOCAL_APPS_DIR\=/Applications
    export LOCAL_DEVELOPER_DIR\=/Library/Developer
    export LOCAL_LIBRARY_DIR\=/Library
    export LOCROOT\=/Users/zydon/Sites/MacDown/Dependency/peg-markdown-highlight
    export LOCSYMROOT\=/Users/zydon/Sites/MacDown/Dependency/peg-markdown-highlight
    export MACOSX_DEPLOYMENT_TARGET\=26.2
    export MAC_OS_X_PRODUCT_BUILD_VERSION\=25G83
    export MAC_OS_X_VERSION_ACTUAL\=260602
    export MAC_OS_X_VERSION_MAJOR\=260000
    export MAC_OS_X_VERSION_MINOR\=260600
    export MAKE_MERGEABLE\=NO
    export MERGEABLE_LIBRARY\=NO
    export MERGED_BINARY_TYPE\=none
    export MERGE_LINKED_LIBRARIES\=NO
    export METAL_LIBRARY_FILE_BASE\=default
    export METAL_LIBRARY_OUTPUT_DIR\=/Users/zydon/Sites/MacDown/build/AuditCampaign03/Build/Products/Debug/
    export MODULE_CACHE_DIR\=/Users/zydon/Sites/MacDown/build/AuditCampaign03/ModuleCache.noindex
    export NATIVE_ARCH\=arm64
    export NATIVE_ARCH_32_BIT\=arm
    export NATIVE_ARCH_64_BIT\=arm64
    export NATIVE_ARCH_ACTUAL\=arm64
    export OBJECT_FILE_DIR\=/Users/zydon/Sites/MacDown/build/AuditCampaign03/Build/Intermediates.noindex/peg-markdown-highlight.build/Debug/peg-markdown-highlight.build/Objects
    export OBJROOT\=/Users/zydon/Sites/MacDown/build/AuditCampaign03/Build/Intermediates.noindex
    export ONLY_ACTIVE_ARCH\=YES
    export OS\=MACOS
    export PATH\=/Applications/Xcode.app/Contents/SharedFrameworks/SwiftBuild.framework/Versions/A/PlugIns/SWBBuildService.bundle/Contents/PlugIns/SWBUniversalPlatformPlugin.bundle/Contents/Frameworks/SWBUniversalPlatform.framework/Resources:/Applications/Xcode.app/Contents/Developer/Toolchains/XcodeDefault.xctoolchain/usr/bin:/Applications/Xcode.app/Contents/Developer/Toolchains/XcodeDefault.xctoolchain/usr/local/bin:/Applications/Xcode.app/Contents/Developer/Toolchains/XcodeDefault.xctoolchain/usr/libexec:/Applications/Xcode.app/Contents/Developer/Platforms/MacOSX.platform/usr/bin:/Applications/Xcode.app/Contents/Developer/Platforms/MacOSX.platform/usr/local/bin:/Applications/Xcode.app/Contents/Developer/Platforms/MacOSX.platform/Developer/usr/bin:/Applications/Xcode.app/Contents/Developer/Platforms/MacOSX.platform/Developer/usr/local/bin:/Applications/Xcode.app/Contents/Developer/usr/bin:/Applications/Xcode.app/Contents/Developer/usr/local/bin:/Applications/ChatGPT.app/Contents/Resources/codex-cli/codex-path:/Users/zydon/.local/bin:/Users/zydon/.composer/vendor/bin:/opt/homebrew/opt/mysql@8.4/bin:/Users/zydon/.antigravity/antigravity/bin:/opt/homebrew/opt/php/bin:/opt/homebrew/opt/mariadb@10.11/bin:/Users/zydon/.nvm/versions/node/v24.19.0/bin:/opt/homebrew/opt/postgresql@16/bin:/Users/zydon/.npm-global/bin:/Library/Frameworks/Python.framework/Versions/3.13/bin:/opt/homebrew/bin:/opt/homebrew/sbin:/usr/local/bin:/System/Cryptexes/App/usr/bin:/usr/bin:/bin:/usr/sbin:/sbin:/var/run/com.apple.security.cryptexd/codex.system/bootstrap/usr/local/bin:/var/run/com.apple.security.cryptexd/codex.system/bootstrap/usr/bin:/var/run/com.apple.security.cryptexd/codex.system/bootstrap/usr/appleinternal/bin:/pkg/env/global/bin://Applications/Topaz\ Gigapixel\ AI.app/Contents/Resources/bin://Applications/Topaz\ Photo\ AI.app/Contents/Resources/bin:/Library/Apple/usr/bin:/Applications/VMware\ Fusion.app/Contents/Public:/usr/local/share/dotnet:/Users/zydon/.codex/tmp/arg0/codex-arg0iRA4Th:/Users/zydon/.cache/codex-runtimes/codex-primary-runtime/dependencies/bin/override:/Users/zydon/.lmstudio/bin:/Users/zydon/.cache/codex-runtimes/codex-primary-runtime/dependencies/bin/fallback:/Applications/ChatGPT.app/Contents/Resources:/Applications/ChatGPT.app/Contents/Resources/codex-cli/CodexCLI.app/Contents/MacOS
    export PATH_PREFIXES_EXCLUDED_FROM_HEADER_DEPENDENCIES\=/usr/include\ /usr/local/include\ /System/Library/Frameworks\ /System/Library/PrivateFrameworks\ /Applications/Xcode.app/Contents/Developer/Headers\ /Applications/Xcode.app/Contents/Developer/SDKs\ /Applications/Xcode.app/Contents/Developer/Platforms
    export PER_ARCH_MODULE_FILE_DIR\=/
    export PER_ARCH_OBJECT_FILE_DIR\=/
    export PLATFORM_DEVELOPER_APPLICATIONS_DIR\=/Applications/Xcode.app/Contents/Developer/Applications
    export PLATFORM_DEVELOPER_BIN_DIR\=/Applications/Xcode.app/Contents/Developer/usr/bin
    export PLATFORM_DEVELOPER_LIBRARY_DIR\=/Applications/Xcode.app/Contents/Developer/Library
    export PLATFORM_DEVELOPER_SDK_DIR\=/Applications/Xcode.app/Contents/Developer/Platforms/MacOSX.platform/Developer/SDKs
    export PLATFORM_DEVELOPER_TOOLS_DIR\=/Applications/Xcode.app/Contents/Developer/Tools
    export PLATFORM_DEVELOPER_USR_DIR\=/Applications/Xcode.app/Contents/Developer/usr
    export PLATFORM_DIR\=/Applications/Xcode.app/Contents/Developer/Platforms/MacOSX.platform
    export PLATFORM_DISPLAY_NAME\=macOS
    export PLATFORM_FAMILY_NAME\=macOS
    export PLATFORM_NAME\=macosx
    export PLATFORM_PREFERRED_ARCH\=x86_64
    export PLATFORM_PRODUCT_BUILD_VERSION\=25C57
    export PLIST_FILE_OUTPUT_FORMAT\=same-as-input
    export PRECOMPS_INCLUDE_HEADERS_FROM_BUILT_PRODUCTS_DIR\=YES
    export PRECOMP_DESTINATION_DIR\=/Users/zydon/Sites/MacDown/build/AuditCampaign03/Build/Intermediates.noindex/peg-markdown-highlight.build/Debug/peg-markdown-highlight.build/PrefixHeaders
    export PRODUCT_NAME\=
    export PROFILING_CODE\=NO
    export PROJECT\=peg-markdown-highlight
    export PROJECT_DERIVED_FILE_DIR\=/Users/zydon/Sites/MacDown/build/AuditCampaign03/Build/Intermediates.noindex/peg-markdown-highlight.build/DerivedSources
    export PROJECT_DIR\=/Users/zydon/Sites/MacDown/Dependency/peg-markdown-highlight
    export PROJECT_FILE_PATH\=/Users/zydon/Sites/MacDown/Dependency/peg-markdown-highlight/peg-markdown-highlight.xcodeproj
    export PROJECT_GUID\=2ee81dc5210d402076789f244a019113
    export PROJECT_NAME\=peg-markdown-highlight
    export PROJECT_TEMP_DIR\=/Users/zydon/Sites/MacDown/build/AuditCampaign03/Build/Intermediates.noindex/peg-markdown-highlight.build
    export PROJECT_TEMP_ROOT\=/Users/zydon/Sites/MacDown/build/AuditCampaign03/Build/Intermediates.noindex
    export REMOVE_CVS_FROM_RESOURCES\=YES
    export REMOVE_GIT_FROM_RESOURCES\=YES
    export REMOVE_HEADERS_FROM_EMBEDDED_BUNDLES\=YES
    export REMOVE_HG_FROM_RESOURCES\=YES
    export REMOVE_SVN_FROM_RESOURCES\=YES
    export RESCHEDULE_INDEPENDENT_HEADERS_PHASES\=YES
    export RUNTIME_EXCEPTION_ALLOW_DYLD_ENVIRONMENT_VARIABLES\=NO
    export RUNTIME_EXCEPTION_ALLOW_JIT\=NO
    export RUNTIME_EXCEPTION_ALLOW_UNSIGNED_EXECUTABLE_MEMORY\=NO
    export RUNTIME_EXCEPTION_DEBUGGING_TOOL\=NO
    export RUNTIME_EXCEPTION_DISABLE_EXECUTABLE_PAGE_PROTECTION\=NO
    export RUNTIME_EXCEPTION_DISABLE_LIBRARY_VALIDATION\=NO
    export SCAN_ALL_SOURCE_FILES_FOR_INCLUDES\=NO
    export SDKROOT\=/Applications/Xcode.app/Contents/Developer/Platforms/MacOSX.platform/Developer/SDKs/MacOSX26.2.sdk
    export SDK_STAT_CACHE_ENABLE\=YES
    export SEPARATE_STRIP\=NO
    export SEPARATE_SYMBOL_EDIT\=NO
    export SHARED_DERIVED_FILE_DIR\=/Users/zydon/Sites/MacDown/build/AuditCampaign03/Build/Products/Debug/DerivedSources
    export SHARED_PRECOMPS_DIR\=/Users/zydon/Sites/MacDown/build/AuditCampaign03/Build/Intermediates.noindex/PrecompiledHeaders
    export SKIP_INSTALL\=YES
    export SOURCE_ROOT\=/Users/zydon/Sites/MacDown/Dependency/peg-markdown-highlight
    export SRCROOT\=/Users/zydon/Sites/MacDown/Dependency/peg-markdown-highlight
    export STRINGSDATA_DIR\=/
    export STRINGSDATA_ROOT\=/Users/zydon/Sites/MacDown/build/AuditCampaign03/Build/Intermediates.noindex/peg-markdown-highlight.build/Debug/peg-markdown-highlight.build
    export STRINGS_FILE_INFOPLIST_RENAME\=YES
    export STRINGS_FILE_OUTPUT_ENCODING\=UTF-16
    export STRING_CATALOG_GENERATE_SYMBOLS\=NO
    export STRIP_BITCODE_FROM_COPIED_FILES\=NO
    export STRIP_INSTALLED_PRODUCT\=NO
    export STRIP_PNG_TEXT\=NO
    export STRIP_STYLE\=all
    export STRIP_SWIFT_SYMBOLS\=YES
    export SUPPORTED_PLATFORMS\=macosx
    export SUPPORTS_TEXT_BASED_API\=NO
    export SUPPRESS_WARNINGS\=NO
    export SWIFT_EMIT_CONST_VALUE_PROTOCOLS\=AppIntent\ EntityQuery\ AppEntity\ TransientEntity\ AppEnum\ AppShortcutProviding\ AppShortcutsProvider\ AnyResolverProviding\ AppIntentsPackage\ DynamicOptionsProvider\ _IntentValueRepresentable\ _AssistantIntentsProvider\ _GenerativeFunctionExtractable\ IntentValueQuery\ Resolver\ AppExtension\ ExtensionPointDefining
    export SWIFT_EMIT_LOC_STRINGS\=NO
    export SWIFT_PLATFORM_TARGET_PREFIX\=macos
    export SWIFT_RESPONSE_FILE_PATH_normal_arm64\=/Users/zydon/Sites/MacDown/build/AuditCampaign03/Build/Intermediates.noindex/peg-markdown-highlight.build/Debug/peg-markdown-highlight.build/Objects-normal/arm64/.SwiftFileList
    export SYMROOT\=/Users/zydon/Sites/MacDown/build/AuditCampaign03/Build/Products
    export SYSTEM_ADMIN_APPS_DIR\=/Applications/Utilities
    export SYSTEM_APPS_DIR\=/Applications
    export SYSTEM_CORE_SERVICES_DIR\=/System/Library/CoreServices
    export SYSTEM_DEMOS_DIR\=/Applications/Extras
    export SYSTEM_DEVELOPER_APPS_DIR\=/Applications/Xcode.app/Contents/Developer/Applications
    export SYSTEM_DEVELOPER_BIN_DIR\=/Applications/Xcode.app/Contents/Developer/usr/bin
    export SYSTEM_DEVELOPER_DEMOS_DIR\=/Applications/Xcode.app/Contents/Developer/Applications/Utilities/Built\ Examples
    export SYSTEM_DEVELOPER_DIR\=/Applications/Xcode.app/Contents/Developer
    export SYSTEM_DEVELOPER_DOC_DIR\=/Applications/Xcode.app/Contents/Developer/ADC\ Reference\ Library
    export SYSTEM_DEVELOPER_GRAPHICS_TOOLS_DIR\=/Applications/Xcode.app/Contents/Developer/Applications/Graphics\ Tools
    export SYSTEM_DEVELOPER_JAVA_TOOLS_DIR\=/Applications/Xcode.app/Contents/Developer/Applications/Java\ Tools
    export SYSTEM_DEVELOPER_PERFORMANCE_TOOLS_DIR\=/Applications/Xcode.app/Contents/Developer/Applications/Performance\ Tools
    export SYSTEM_DEVELOPER_RELEASENOTES_DIR\=/Applications/Xcode.app/Contents/Developer/ADC\ Reference\ Library/releasenotes
    export SYSTEM_DEVELOPER_TOOLS\=/Applications/Xcode.app/Contents/Developer/Tools
    export SYSTEM_DEVELOPER_TOOLS_DOC_DIR\=/Applications/Xcode.app/Contents/Developer/ADC\ Reference\ Library/documentation/DeveloperTools
    export SYSTEM_DEVELOPER_TOOLS_RELEASENOTES_DIR\=/Applications/Xcode.app/Contents/Developer/ADC\ Reference\ Library/releasenotes/DeveloperTools
    export SYSTEM_DEVELOPER_USR_DIR\=/Applications/Xcode.app/Contents/Developer/usr
    export SYSTEM_DEVELOPER_UTILITIES_DIR\=/Applications/Xcode.app/Contents/Developer/Applications/Utilities
    export SYSTEM_DEXT_INSTALL_PATH\=/System/Library/DriverExtensions
    export SYSTEM_DOCUMENTATION_DIR\=/Library/Documentation
    export SYSTEM_KEXT_INSTALL_PATH\=/System/Library/Extensions
    export SYSTEM_LIBRARY_DIR\=/System/Library
    export TAPI_DEMANGLE\=YES
    export TAPI_ENABLE_PROJECT_HEADERS\=NO
    export TAPI_LANGUAGE\=objective-c
    export TAPI_LANGUAGE_STANDARD\=compiler-default
    export TAPI_VERIFY_MODE\=Pedantic
    export TARGETNAME\=peg-markdown-highlight
    export TARGET_BUILD_DIR\=/Users/zydon/Sites/MacDown/build/AuditCampaign03/Build/Products/Debug
    export TARGET_NAME\=peg-markdown-highlight
    export TARGET_TEMP_DIR\=/Users/zydon/Sites/MacDown/build/AuditCampaign03/Build/Intermediates.noindex/peg-markdown-highlight.build/Debug/peg-markdown-highlight.build
    export TEMP_DIR\=/Users/zydon/Sites/MacDown/build/AuditCampaign03/Build/Intermediates.noindex/peg-markdown-highlight.build/Debug/peg-markdown-highlight.build
    export TEMP_FILES_DIR\=/Users/zydon/Sites/MacDown/build/AuditCampaign03/Build/Intermediates.noindex/peg-markdown-highlight.build/Debug/peg-markdown-highlight.build
    export TEMP_FILE_DIR\=/Users/zydon/Sites/MacDown/build/AuditCampaign03/Build/Intermediates.noindex/peg-markdown-highlight.build/Debug/peg-markdown-highlight.build
    export TEMP_ROOT\=/Users/zydon/Sites/MacDown/build/AuditCampaign03/Build/Intermediates.noindex
    export TEMP_SANDBOX_DIR\=/Users/zydon/Sites/MacDown/build/AuditCampaign03/Build/Intermediates.noindex/TemporaryTaskSandboxes
    export TOOLCHAIN_DIR\=/Applications/Xcode.app/Contents/Developer/Toolchains/XcodeDefault.xctoolchain
    export TREAT_MISSING_BASELINES_AS_TEST_FAILURES\=NO
    export TREAT_MISSING_SCRIPT_PHASE_OUTPUTS_AS_ERRORS\=NO
    export UID\=501
    export UNINSTALLED_PRODUCTS_DIR\=/Users/zydon/Sites/MacDown/build/AuditCampaign03/Build/Intermediates.noindex/UninstalledProducts
    export USER\=zydon
    export USER_APPS_DIR\=/Users/zydon/Library/.macdown-audit-vault.8znky4qo/fixture-home/Applications
    export USER_LIBRARY_DIR\=/Users/zydon/Library/.macdown-audit-vault.8znky4qo/fixture-home/Library
    export USE_HEADERMAP\=YES
    export VALIDATE_DEVELOPMENT_ASSET_PATHS\=YES_ERROR
    export VALID_ARCHS\=arm64\ arm64e\ i386\ x86_64
    export WORKSPACE_DIR\=/Users/zydon/Sites/MacDown
    export WRAP_ASSET_PACKS_IN_SEPARATE_DIRECTORIES\=NO
    export XCODE_APP_SUPPORT_DIR\=/Applications/Xcode.app/Contents/Developer/Library/Xcode
    export XCODE_PRODUCT_BUILD_VERSION\=17C52
    export XCODE_VERSION_ACTUAL\=2620
    export XCODE_VERSION_MAJOR\=2600
    export XCODE_VERSION_MINOR\=2620
    export _DISCOVER_COMMAND_LINE_LINKER_INPUTS\=YES
    export _DISCOVER_COMMAND_LINE_LINKER_INPUTS_INCLUDE_WL\=YES
    export _LD_MULTIARCH\=YES
    export __DIAGNOSE_DEPRECATED_ARCHS\=YES
    export arch\=undefined_arch
    export variant\=normal
    /usr/bin/make
make: Nothing to be done for `ALL'.

note: Run script build phase 'Update Build Number' will be run during every build because the option to run the script phase "Based on dependency analysis" is unchecked. (in target 'MacDownQuickLook' from project 'MacDown 3000')
ProcessProductPackaging /Users/zydon/Sites/MacDown/MacDownQuickLook/MacDownQuickLook.entitlements /Users/zydon/Sites/MacDown/build/AuditCampaign03/Build/Intermediates.noindex/MacDown\ 3000.build/Debug/MacDownQuickLook.build/MacDownQuickLook.appex.xcent (in target 'MacDownQuickLook' from project 'MacDown 3000')
    cd /Users/zydon/Sites/MacDown
    
    Entitlements:
    
    {
    "com.apple.security.app-sandbox" = 1;
    "com.apple.security.files.user-selected.read-only" = 1;
    "com.apple.security.get-task-allow" = 1;
    "com.apple.security.network.client" = 1;
    "com.apple.security.temporary-exception.files.home-relative-path.read-only" =     (
        "/Library/Application Support/MacDown 3000/Styles/",
        "/Library/Application Support/MacDown 3000/Prism/themes/"
    );
    "com.apple.security.temporary-exception.shared-preference.read-only" =     (
        "app.macdown.macdown3000"
    );
}
    
    builtin-productPackagingUtility /Users/zydon/Sites/MacDown/MacDownQuickLook/MacDownQuickLook.entitlements -entitlements -format xml -o /Users/zydon/Sites/MacDown/build/AuditCampaign03/Build/Intermediates.noindex/MacDown\ 3000.build/Debug/MacDownQuickLook.build/MacDownQuickLook.appex.xcent

ProcessProductPackaging "" /Users/zydon/Sites/MacDown/build/AuditCampaign03/Build/Intermediates.noindex/Pods.build/Debug/Pods-MacDownQuickLook.build/libPods-MacDownQuickLook.a.xcent (in target 'Pods-MacDownQuickLook' from project 'Pods')
    cd /Users/zydon/Sites/MacDown/Pods
    
    Entitlements:
    
    {
    "com.apple.application-identifier" = "org.cocoapods.Pods-MacDownQuickLook";
}
    
    builtin-productPackagingUtility -entitlements -format xml -o /Users/zydon/Sites/MacDown/build/AuditCampaign03/Build/Intermediates.noindex/Pods.build/Debug/Pods-MacDownQuickLook.build/libPods-MacDownQuickLook.a.xcent

ProcessProductPackagingDER /Users/zydon/Sites/MacDown/build/AuditCampaign03/Build/Intermediates.noindex/Pods.build/Debug/Pods-MacDownQuickLook.build/libPods-MacDownQuickLook.a.xcent /Users/zydon/Sites/MacDown/build/AuditCampaign03/Build/Intermediates.noindex/Pods.build/Debug/Pods-MacDownQuickLook.build/libPods-MacDownQuickLook.a.xcent.der (in target 'Pods-MacDownQuickLook' from project 'Pods')
    cd /Users/zydon/Sites/MacDown/Pods
    /usr/bin/derq query -f xml -i /Users/zydon/Sites/MacDown/build/AuditCampaign03/Build/Intermediates.noindex/Pods.build/Debug/Pods-MacDownQuickLook.build/libPods-MacDownQuickLook.a.xcent -o /Users/zydon/Sites/MacDown/build/AuditCampaign03/Build/Intermediates.noindex/Pods.build/Debug/Pods-MacDownQuickLook.build/libPods-MacDownQuickLook.a.xcent.der --raw

ProcessProductPackagingDER /Users/zydon/Sites/MacDown/build/AuditCampaign03/Build/Intermediates.noindex/MacDown\ 3000.build/Debug/MacDownQuickLook.build/MacDownQuickLook.appex.xcent /Users/zydon/Sites/MacDown/build/AuditCampaign03/Build/Intermediates.noindex/MacDown\ 3000.build/Debug/MacDownQuickLook.build/MacDownQuickLook.appex.xcent.der (in target 'MacDownQuickLook' from project 'MacDown 3000')
    cd /Users/zydon/Sites/MacDown
    /usr/bin/derq query -f xml -i /Users/zydon/Sites/MacDown/build/AuditCampaign03/Build/Intermediates.noindex/MacDown\ 3000.build/Debug/MacDownQuickLook.build/MacDownQuickLook.appex.xcent -o /Users/zydon/Sites/MacDown/build/AuditCampaign03/Build/Intermediates.noindex/MacDown\ 3000.build/Debug/MacDownQuickLook.build/MacDownQuickLook.appex.xcent.der --raw

CodeSign /Users/zydon/Sites/MacDown/build/AuditCampaign03/Build/Products/Debug/libPods-MacDownQuickLook.a (in target 'Pods-MacDownQuickLook' from project 'Pods')
    cd /Users/zydon/Sites/MacDown/Pods
    
    Signing Identity:     "Sign to Run Locally"
    
    /usr/bin/codesign --force --sign - --entitlements /Users/zydon/Sites/MacDown/build/AuditCampaign03/Build/Intermediates.noindex/Pods.build/Debug/Pods-MacDownQuickLook.build/libPods-MacDownQuickLook.a.xcent --timestamp\=none --generate-entitlement-der /Users/zydon/Sites/MacDown/build/AuditCampaign03/Build/Products/Debug/libPods-MacDownQuickLook.a
/Users/zydon/Sites/MacDown/build/AuditCampaign03/Build/Products/Debug/libPods-MacDownQuickLook.a: replacing existing signature

CodeSign /Users/zydon/Sites/MacDown/build/AuditCampaign03/Build/Products/Debug/MacDownCore.framework/Versions/A (in target 'MacDownCore' from project 'MacDown 3000')
    cd /Users/zydon/Sites/MacDown
    
    Signing Identity:     "Sign to Run Locally"
    
    /usr/bin/codesign --force --sign - --timestamp\=none --generate-entitlement-der /Users/zydon/Sites/MacDown/build/AuditCampaign03/Build/Products/Debug/MacDownCore.framework/Versions/A
/Users/zydon/Sites/MacDown/build/AuditCampaign03/Build/Products/Debug/MacDownCore.framework/Versions/A: replacing existing signature

ProcessInfoPlistFile /Users/zydon/Sites/MacDown/build/AuditCampaign03/Build/Products/Debug/MacDownQuickLook.appex/Contents/Info.plist /Users/zydon/Sites/MacDown/MacDownQuickLook/Info.plist (in target 'MacDownQuickLook' from project 'MacDown 3000')
    cd /Users/zydon/Sites/MacDown
    builtin-infoPlistUtility /Users/zydon/Sites/MacDown/MacDownQuickLook/Info.plist -producttype com.apple.product-type.app-extension -expandbuildsettings -platform macosx -o /Users/zydon/Sites/MacDown/build/AuditCampaign03/Build/Products/Debug/MacDownQuickLook.appex/Contents/Info.plist

PhaseScriptExecution [CP]\ Check\ Pods\ Manifest.lock /Users/zydon/Sites/MacDown/build/AuditCampaign03/Build/Intermediates.noindex/MacDown\ 3000.build/Debug/MacDownQuickLook.build/Script-C5CE5250ABE88F046B768B9D.sh (in target 'MacDownQuickLook' from project 'MacDown 3000')
    cd /Users/zydon/Sites/MacDown
    /bin/sh -c /Users/zydon/Sites/MacDown/build/AuditCampaign03/Build/Intermediates.noindex/MacDown\\\ 3000.build/Debug/MacDownQuickLook.build/Script-C5CE5250ABE88F046B768B9D.sh

Copy /Users/zydon/Sites/MacDown/build/AuditCampaign03/Build/Products/Debug/MacDownQuickLook.appex/Contents/Frameworks/MacDownCore.framework /Users/zydon/Sites/MacDown/build/AuditCampaign03/Build/Products/Debug/MacDownCore.framework (in target 'MacDownQuickLook' from project 'MacDown 3000')
    cd /Users/zydon/Sites/MacDown
    builtin-copy -exclude .DS_Store -exclude CVS -exclude .svn -exclude .git -exclude .hg -exclude Headers -exclude PrivateHeaders -exclude Modules -exclude \*.tbd -resolve-src-symlinks -remove-static-executable /Users/zydon/Sites/MacDown/build/AuditCampaign03/Build/Products/Debug/MacDownCore.framework /Users/zydon/Sites/MacDown/build/AuditCampaign03/Build/Products/Debug/MacDownQuickLook.appex/Contents/Frameworks

CodeSign /Users/zydon/Sites/MacDown/build/AuditCampaign03/Build/Products/Debug/MacDownQuickLook.appex/Contents/Frameworks/MacDownCore.framework/Versions/A (in target 'MacDownQuickLook' from project 'MacDown 3000')
    cd /Users/zydon/Sites/MacDown
    
    Signing Identity:     "Sign to Run Locally"
    
    /usr/bin/codesign --force --sign - --timestamp\=none --preserve-metadata\=identifier,entitlements,flags --generate-entitlement-der /Users/zydon/Sites/MacDown/build/AuditCampaign03/Build/Products/Debug/MacDownQuickLook.appex/Contents/Frameworks/MacDownCore.framework/Versions/A
/Users/zydon/Sites/MacDown/build/AuditCampaign03/Build/Products/Debug/MacDownQuickLook.appex/Contents/Frameworks/MacDownCore.framework/Versions/A: replacing existing signature

PhaseScriptExecution Update\ Build\ Number /Users/zydon/Sites/MacDown/build/AuditCampaign03/Build/Intermediates.noindex/MacDown\ 3000.build/Debug/MacDownQuickLook.build/Script-AUDIT015QLBUILDVERSION.sh (in target 'MacDownQuickLook' from project 'MacDown 3000')
    cd /Users/zydon/Sites/MacDown
    /bin/sh -c /Users/zydon/Sites/MacDown/build/AuditCampaign03/Build/Intermediates.noindex/MacDown\\\ 3000.build/Debug/MacDownQuickLook.build/Script-AUDIT015QLBUILDVERSION.sh

note: Run script build phase 'Update Build Number' will be run during every build because the option to run the script phase "Based on dependency analysis" is unchecked. (in target 'MacDown' from project 'MacDown 3000')
ProcessProductPackaging /Users/zydon/Sites/MacDown/MacDown/MacDown.entitlements /Users/zydon/Sites/MacDown/build/AuditCampaign03/Build/Intermediates.noindex/MacDown\ 3000.build/Debug/MacDown.build/MacDown\ 3000.app.xcent (in target 'MacDown' from project 'MacDown 3000')
    cd /Users/zydon/Sites/MacDown
    
    Entitlements:
    
    {
    "com.apple.security.automation.apple-events" = 1;
    "com.apple.security.files.user-selected.read-write" = 1;
    "com.apple.security.get-task-allow" = 1;
}
    
    builtin-productPackagingUtility /Users/zydon/Sites/MacDown/MacDown/MacDown.entitlements -entitlements -format xml -o /Users/zydon/Sites/MacDown/build/AuditCampaign03/Build/Intermediates.noindex/MacDown\ 3000.build/Debug/MacDown.build/MacDown\ 3000.app.xcent

ProcessProductPackagingDER /Users/zydon/Sites/MacDown/build/AuditCampaign03/Build/Intermediates.noindex/MacDown\ 3000.build/Debug/MacDown.build/MacDown\ 3000.app.xcent /Users/zydon/Sites/MacDown/build/AuditCampaign03/Build/Intermediates.noindex/MacDown\ 3000.build/Debug/MacDown.build/MacDown\ 3000.app.xcent.der (in target 'MacDown' from project 'MacDown 3000')
    cd /Users/zydon/Sites/MacDown
    /usr/bin/derq query -f xml -i /Users/zydon/Sites/MacDown/build/AuditCampaign03/Build/Intermediates.noindex/MacDown\ 3000.build/Debug/MacDown.build/MacDown\ 3000.app.xcent -o /Users/zydon/Sites/MacDown/build/AuditCampaign03/Build/Intermediates.noindex/MacDown\ 3000.build/Debug/MacDown.build/MacDown\ 3000.app.xcent.der --raw

CodeSign /Users/zydon/Sites/MacDown/build/AuditCampaign03/Build/Products/Debug/macdown (in target 'macdown-cmd' from project 'MacDown 3000')
    cd /Users/zydon/Sites/MacDown
    
    Signing Identity:     "Sign to Run Locally"
    
    /usr/bin/codesign --force --sign - --entitlements /Users/zydon/Sites/MacDown/build/AuditCampaign03/Build/Intermediates.noindex/MacDown\ 3000.build/Debug/macdown-cmd.build/macdown.xcent --timestamp\=none --generate-entitlement-der /Users/zydon/Sites/MacDown/build/AuditCampaign03/Build/Products/Debug/macdown
/Users/zydon/Sites/MacDown/build/AuditCampaign03/Build/Products/Debug/macdown: replacing existing signature

CodeSign /Users/zydon/Sites/MacDown/build/AuditCampaign03/Build/Products/Debug/MacDownQuickLook.appex (in target 'MacDownQuickLook' from project 'MacDown 3000')
    cd /Users/zydon/Sites/MacDown
    
    Signing Identity:     "Sign to Run Locally"
    
    /usr/bin/codesign --force --sign - --entitlements /Users/zydon/Sites/MacDown/build/AuditCampaign03/Build/Intermediates.noindex/MacDown\ 3000.build/Debug/MacDownQuickLook.build/MacDownQuickLook.appex.xcent --timestamp\=none --generate-entitlement-der /Users/zydon/Sites/MacDown/build/AuditCampaign03/Build/Products/Debug/MacDownQuickLook.appex
/Users/zydon/Sites/MacDown/build/AuditCampaign03/Build/Products/Debug/MacDownQuickLook.appex: replacing existing signature

ProcessProductPackaging "" /Users/zydon/Sites/MacDown/build/AuditCampaign03/Build/Intermediates.noindex/Pods.build/Debug/PAPreferences.build/libPAPreferences.a.xcent (in target 'PAPreferences' from project 'Pods')
    cd /Users/zydon/Sites/MacDown/Pods
    
    Entitlements:
    
    {
    "com.apple.application-identifier" = "org.cocoapods.PAPreferences";
}
    
    builtin-productPackagingUtility -entitlements -format xml -o /Users/zydon/Sites/MacDown/build/AuditCampaign03/Build/Intermediates.noindex/Pods.build/Debug/PAPreferences.build/libPAPreferences.a.xcent

ProcessProductPackagingDER /Users/zydon/Sites/MacDown/build/AuditCampaign03/Build/Intermediates.noindex/Pods.build/Debug/PAPreferences.build/libPAPreferences.a.xcent /Users/zydon/Sites/MacDown/build/AuditCampaign03/Build/Intermediates.noindex/Pods.build/Debug/PAPreferences.build/libPAPreferences.a.xcent.der (in target 'PAPreferences' from project 'Pods')
    cd /Users/zydon/Sites/MacDown/Pods
    /usr/bin/derq query -f xml -i /Users/zydon/Sites/MacDown/build/AuditCampaign03/Build/Intermediates.noindex/Pods.build/Debug/PAPreferences.build/libPAPreferences.a.xcent -o /Users/zydon/Sites/MacDown/build/AuditCampaign03/Build/Intermediates.noindex/Pods.build/Debug/PAPreferences.build/libPAPreferences.a.xcent.der --raw

CodeSign /Users/zydon/Sites/MacDown/build/AuditCampaign03/Build/Products/Debug/PAPreferences/libPAPreferences.a (in target 'PAPreferences' from project 'Pods')
    cd /Users/zydon/Sites/MacDown/Pods
    
    Signing Identity:     "Sign to Run Locally"
    
    /usr/bin/codesign --force --sign - --entitlements /Users/zydon/Sites/MacDown/build/AuditCampaign03/Build/Intermediates.noindex/Pods.build/Debug/PAPreferences.build/libPAPreferences.a.xcent --timestamp\=none --generate-entitlement-der /Users/zydon/Sites/MacDown/build/AuditCampaign03/Build/Products/Debug/PAPreferences/libPAPreferences.a
/Users/zydon/Sites/MacDown/build/AuditCampaign03/Build/Products/Debug/PAPreferences/libPAPreferences.a: replacing existing signature

CodeSign /Users/zydon/Sites/MacDown/build/AuditCampaign03/Build/Products/Debug/LibYAML/libLibYAML.a (in target 'LibYAML' from project 'Pods')
    cd /Users/zydon/Sites/MacDown/Pods
    
    Signing Identity:     "Sign to Run Locally"
    
    /usr/bin/codesign --force --sign - --entitlements /Users/zydon/Sites/MacDown/build/AuditCampaign03/Build/Intermediates.noindex/Pods.build/Debug/LibYAML.build/libLibYAML.a.xcent --timestamp\=none --generate-entitlement-der /Users/zydon/Sites/MacDown/build/AuditCampaign03/Build/Products/Debug/LibYAML/libLibYAML.a
/Users/zydon/Sites/MacDown/build/AuditCampaign03/Build/Products/Debug/LibYAML/libLibYAML.a: replacing existing signature

CodeSign /Users/zydon/Sites/MacDown/build/AuditCampaign03/Build/Products/Debug/MASPreferences/libMASPreferences.a (in target 'MASPreferences' from project 'Pods')
    cd /Users/zydon/Sites/MacDown/Pods
    
    Signing Identity:     "Sign to Run Locally"
    
    /usr/bin/codesign --force --sign - --entitlements /Users/zydon/Sites/MacDown/build/AuditCampaign03/Build/Intermediates.noindex/Pods.build/Debug/MASPreferences.build/libMASPreferences.a.xcent --timestamp\=none --generate-entitlement-der /Users/zydon/Sites/MacDown/build/AuditCampaign03/Build/Products/Debug/MASPreferences/libMASPreferences.a
/Users/zydon/Sites/MacDown/build/AuditCampaign03/Build/Products/Debug/MASPreferences/libMASPreferences.a: replacing existing signature

CodeSign /Users/zydon/Sites/MacDown/build/AuditCampaign03/Build/Products/Debug/M13OrderedDictionary/libM13OrderedDictionary.a (in target 'M13OrderedDictionary' from project 'Pods')
    cd /Users/zydon/Sites/MacDown/Pods
    
    Signing Identity:     "Sign to Run Locally"
    
    /usr/bin/codesign --force --sign - --entitlements /Users/zydon/Sites/MacDown/build/AuditCampaign03/Build/Intermediates.noindex/Pods.build/Debug/M13OrderedDictionary.build/libM13OrderedDictionary.a.xcent --timestamp\=none --generate-entitlement-der /Users/zydon/Sites/MacDown/build/AuditCampaign03/Build/Products/Debug/M13OrderedDictionary/libM13OrderedDictionary.a
/Users/zydon/Sites/MacDown/build/AuditCampaign03/Build/Products/Debug/M13OrderedDictionary/libM13OrderedDictionary.a: replacing existing signature

CodeSign /Users/zydon/Sites/MacDown/build/AuditCampaign03/Build/Products/Debug/JJPluralForm/libJJPluralForm.a (in target 'JJPluralForm' from project 'Pods')
    cd /Users/zydon/Sites/MacDown/Pods
    
    Signing Identity:     "Sign to Run Locally"
    
    /usr/bin/codesign --force --sign - --entitlements /Users/zydon/Sites/MacDown/build/AuditCampaign03/Build/Intermediates.noindex/Pods.build/Debug/JJPluralForm.build/libJJPluralForm.a.xcent --timestamp\=none --generate-entitlement-der /Users/zydon/Sites/MacDown/build/AuditCampaign03/Build/Products/Debug/JJPluralForm/libJJPluralForm.a
/Users/zydon/Sites/MacDown/build/AuditCampaign03/Build/Products/Debug/JJPluralForm/libJJPluralForm.a: replacing existing signature

ProcessProductPackaging "" /Users/zydon/Sites/MacDown/build/AuditCampaign03/Build/Intermediates.noindex/Pods.build/Debug/Pods-MacDown.build/libPods-MacDown.a.xcent (in target 'Pods-MacDown' from project 'Pods')
    cd /Users/zydon/Sites/MacDown/Pods
    
    Entitlements:
    
    {
    "com.apple.application-identifier" = "org.cocoapods.Pods-MacDown";
}
    
    builtin-productPackagingUtility -entitlements -format xml -o /Users/zydon/Sites/MacDown/build/AuditCampaign03/Build/Intermediates.noindex/Pods.build/Debug/Pods-MacDown.build/libPods-MacDown.a.xcent

ProcessProductPackagingDER /Users/zydon/Sites/MacDown/build/AuditCampaign03/Build/Intermediates.noindex/Pods.build/Debug/Pods-MacDown.build/libPods-MacDown.a.xcent /Users/zydon/Sites/MacDown/build/AuditCampaign03/Build/Intermediates.noindex/Pods.build/Debug/Pods-MacDown.build/libPods-MacDown.a.xcent.der (in target 'Pods-MacDown' from project 'Pods')
    cd /Users/zydon/Sites/MacDown/Pods
    /usr/bin/derq query -f xml -i /Users/zydon/Sites/MacDown/build/AuditCampaign03/Build/Intermediates.noindex/Pods.build/Debug/Pods-MacDown.build/libPods-MacDown.a.xcent -o /Users/zydon/Sites/MacDown/build/AuditCampaign03/Build/Intermediates.noindex/Pods.build/Debug/Pods-MacDown.build/libPods-MacDown.a.xcent.der --raw

CodeSign /Users/zydon/Sites/MacDown/build/AuditCampaign03/Build/Products/Debug/libPods-MacDown.a (in target 'Pods-MacDown' from project 'Pods')
    cd /Users/zydon/Sites/MacDown/Pods
    
    Signing Identity:     "Sign to Run Locally"
    
    /usr/bin/codesign --force --sign - --entitlements /Users/zydon/Sites/MacDown/build/AuditCampaign03/Build/Intermediates.noindex/Pods.build/Debug/Pods-MacDown.build/libPods-MacDown.a.xcent --timestamp\=none --generate-entitlement-der /Users/zydon/Sites/MacDown/build/AuditCampaign03/Build/Products/Debug/libPods-MacDown.a
/Users/zydon/Sites/MacDown/build/AuditCampaign03/Build/Products/Debug/libPods-MacDown.a: replacing existing signature

PhaseScriptExecution [CP]\ Check\ Pods\ Manifest.lock /Users/zydon/Sites/MacDown/build/AuditCampaign03/Build/Intermediates.noindex/MacDown\ 3000.build/Debug/MacDown.build/Script-B4334ECDC0751C835C1600D7.sh (in target 'MacDown' from project 'MacDown 3000')
    cd /Users/zydon/Sites/MacDown
    /bin/sh -c /Users/zydon/Sites/MacDown/build/AuditCampaign03/Build/Intermediates.noindex/MacDown\\\ 3000.build/Debug/MacDown.build/Script-B4334ECDC0751C835C1600D7.sh

ProcessProductPackaging "" /Users/zydon/Sites/MacDown/build/AuditCampaign03/Build/Intermediates.noindex/Pods.build/Debug/Pods-MacDownTests.build/libPods-MacDownTests.a.xcent (in target 'Pods-MacDownTests' from project 'Pods')
    cd /Users/zydon/Sites/MacDown/Pods
    
    Entitlements:
    
    {
    "com.apple.application-identifier" = "org.cocoapods.Pods-MacDownTests";
}
    
    builtin-productPackagingUtility -entitlements -format xml -o /Users/zydon/Sites/MacDown/build/AuditCampaign03/Build/Intermediates.noindex/Pods.build/Debug/Pods-MacDownTests.build/libPods-MacDownTests.a.xcent

ProcessProductPackagingDER /Users/zydon/Sites/MacDown/build/AuditCampaign03/Build/Intermediates.noindex/Pods.build/Debug/Pods-MacDownTests.build/libPods-MacDownTests.a.xcent /Users/zydon/Sites/MacDown/build/AuditCampaign03/Build/Intermediates.noindex/Pods.build/Debug/Pods-MacDownTests.build/libPods-MacDownTests.a.xcent.der (in target 'Pods-MacDownTests' from project 'Pods')
    cd /Users/zydon/Sites/MacDown/Pods
    /usr/bin/derq query -f xml -i /Users/zydon/Sites/MacDown/build/AuditCampaign03/Build/Intermediates.noindex/Pods.build/Debug/Pods-MacDownTests.build/libPods-MacDownTests.a.xcent -o /Users/zydon/Sites/MacDown/build/AuditCampaign03/Build/Intermediates.noindex/Pods.build/Debug/Pods-MacDownTests.build/libPods-MacDownTests.a.xcent.der --raw

CpResource /Users/zydon/Sites/MacDown/build/AuditCampaign03/Build/Products/Debug/MacDown\ 3000.app/Contents/Resources/Prism /Users/zydon/Sites/MacDown/MacDown/Resources/Prism (in target 'MacDown' from project 'MacDown 3000')
    cd /Users/zydon/Sites/MacDown
    builtin-copy -exclude .DS_Store -exclude CVS -exclude .svn -exclude .git -exclude .hg -resolve-src-symlinks /Users/zydon/Sites/MacDown/MacDown/Resources/Prism /Users/zydon/Sites/MacDown/build/AuditCampaign03/Build/Products/Debug/MacDown\ 3000.app/Contents/Resources

PhaseScriptExecution [CP]\ Copy\ Pods\ Resources /Users/zydon/Sites/MacDown/build/AuditCampaign03/Build/Intermediates.noindex/MacDown\ 3000.build/Debug/MacDown.build/Script-1E02F0A95AAEBCEF65493F5F.sh (in target 'MacDown' from project 'MacDown 3000')
    cd /Users/zydon/Sites/MacDown
    /bin/sh -c /Users/zydon/Sites/MacDown/build/AuditCampaign03/Build/Intermediates.noindex/MacDown\\\ 3000.build/Debug/MacDown.build/Script-1E02F0A95AAEBCEF65493F5F.sh
/Users/zydon/Sites/MacDown/build/AuditCampaign03/Build/Products/Debug/MASPreferences/MASPreferences.bundle
Transfer starting: 11 files

sent 863 bytes  received 20 bytes  802727 bytes/sec
total size is 6267  speedup is 7.10

Copy /Users/zydon/Sites/MacDown/build/AuditCampaign03/Build/Products/Debug/MacDown\ 3000.app/Contents/PlugIns/MacDownQuickLook.appex /Users/zydon/Sites/MacDown/build/AuditCampaign03/Build/Products/Debug/MacDownQuickLook.appex (in target 'MacDown' from project 'MacDown 3000')
    cd /Users/zydon/Sites/MacDown
    builtin-copy -exclude .DS_Store -exclude CVS -exclude .svn -exclude .git -exclude .hg -exclude Headers -exclude PrivateHeaders -exclude Modules -exclude \*.tbd -resolve-src-symlinks -remove-static-executable /Users/zydon/Sites/MacDown/build/AuditCampaign03/Build/Products/Debug/MacDownQuickLook.appex /Users/zydon/Sites/MacDown/build/AuditCampaign03/Build/Products/Debug/MacDown\ 3000.app/Contents/PlugIns

ProcessInfoPlistFile /Users/zydon/Sites/MacDown/build/AuditCampaign03/Build/Products/Debug/MacDown\ 3000.app/Contents/Info.plist /Users/zydon/Sites/MacDown/MacDown/MacDown-Info.plist (in target 'MacDown' from project 'MacDown 3000')
    cd /Users/zydon/Sites/MacDown
    builtin-infoPlistUtility /Users/zydon/Sites/MacDown/MacDown/MacDown-Info.plist -producttype com.apple.product-type.application -genpkginfo /Users/zydon/Sites/MacDown/build/AuditCampaign03/Build/Products/Debug/MacDown\ 3000.app/Contents/PkgInfo -expandbuildsettings -platform macosx -additionalcontentfile /Users/zydon/Sites/MacDown/build/AuditCampaign03/Build/Intermediates.noindex/MacDown\ 3000.build/Debug/MacDown.build/Base.lproj/MPDocument-PartialInfo.plist -additionalcontentfile /Users/zydon/Sites/MacDown/build/AuditCampaign03/Build/Intermediates.noindex/MacDown\ 3000.build/Debug/MacDown.build/Base.lproj/MPEditorPreferencesViewController-PartialInfo.plist -additionalcontentfile /Users/zydon/Sites/MacDown/build/AuditCampaign03/Build/Intermediates.noindex/MacDown\ 3000.build/Debug/MacDown.build/Base.lproj/MPHtmlPreferencesViewController-PartialInfo.plist -additionalcontentfile /Users/zydon/Sites/MacDown/build/AuditCampaign03/Build/Intermediates.noindex/MacDown\ 3000.build/Debug/MacDown.build/Base.lproj/MPMarkdownPreferencesViewController-PartialInfo.plist -additionalcontentfile /Users/zydon/Sites/MacDown/build/AuditCampaign03/Build/Intermediates.noindex/MacDown\ 3000.build/Debug/MacDown.build/Base.lproj/MainMenu-PartialInfo.plist -additionalcontentfile /Users/zydon/Sites/MacDown/build/AuditCampaign03/Build/Intermediates.noindex/MacDown\ 3000.build/Debug/MacDown.build/Base.lproj/MPGeneralPreferencesViewController-PartialInfo.plist -additionalcontentfile /Users/zydon/Sites/MacDown/build/AuditCampaign03/Build/Intermediates.noindex/MacDown\ 3000.build/Debug/MacDown.build/Base.lproj/MPTerminalPreferencesViewController-PartialInfo.plist -additionalcontentfile /Users/zydon/Sites/MacDown/build/AuditCampaign03/Build/Intermediates.noindex/MacDown\ 3000.build/Debug/MacDown.build/Base.lproj/MPExportPanelAccessoryViewController-PartialInfo.plist -additionalcontentfile /Users/zydon/Sites/MacDown/build/AuditCampaign03/Build/Intermediates.noindex/MacDown\ 3000.build/Debug/MacDown.build/assetcatalog_generated_info.plist -scanforprivacyfile /Users/zydon/Sites/MacDown/build/AuditCampaign03/Build/Products/Debug/MacDown\ 3000.app/Contents/PlugIns/MacDownQuickLook.appex -o /Users/zydon/Sites/MacDown/build/AuditCampaign03/Build/Products/Debug/MacDown\ 3000.app/Contents/Info.plist

PhaseScriptExecution [CP]\ Embed\ Pods\ Frameworks /Users/zydon/Sites/MacDown/build/AuditCampaign03/Build/Intermediates.noindex/MacDown\ 3000.build/Debug/MacDown.build/Script-73EFC3524EF2D5CB67F18A48.sh (in target 'MacDown' from project 'MacDown 3000')
    cd /Users/zydon/Sites/MacDown
    /bin/sh -c /Users/zydon/Sites/MacDown/build/AuditCampaign03/Build/Intermediates.noindex/MacDown\\\ 3000.build/Debug/MacDown.build/Script-73EFC3524EF2D5CB67F18A48.sh
mkdir -p /Users/zydon/Sites/MacDown/build/AuditCampaign03/Build/Products/Debug/MacDown 3000.app/Contents/Frameworks
rsync --delete -av --filter P .*.?????? --links --filter "- CVS/" --filter "- .svn/" --filter "- .git/" --filter "- .hg/" --filter "- Headers" --filter "- PrivateHeaders" --filter "- Modules" "/Users/zydon/Sites/MacDown/Pods/Sparkle/Sparkle.framework" "/Users/zydon/Sites/MacDown/build/AuditCampaign03/Build/Products/Debug/MacDown 3000.app/Contents/Frameworks"
Transfer starting: 118 files
Sparkle.framework/Versions/B/
Sparkle.framework/Versions/B/Sparkle
Sparkle.framework/Versions/B/_CodeSignature/CodeResources

sent 1010462 bytes  received 70 bytes  111047472 bytes/sec
total size is 2782926  speedup is 2.75
Destination binary is symlinked...
Stripped /Users/zydon/Sites/MacDown/build/AuditCampaign03/Build/Products/Debug/MacDown 3000.app/Contents/Frameworks/Sparkle.framework/Versions/Current/Sparkle of architectures: x86_64
Code Signing /Users/zydon/Sites/MacDown/build/AuditCampaign03/Build/Products/Debug/MacDown 3000.app/Contents/Frameworks/Sparkle.framework with Identity Sign to Run Locally
/usr/bin/codesign --force --sign -  --preserve-metadata=identifier,entitlements '/Users/zydon/Sites/MacDown/build/AuditCampaign03/Build/Products/Debug/MacDown 3000.app/Contents/Frameworks/Sparkle.framework'
/Users/zydon/Sites/MacDown/build/AuditCampaign03/Build/Products/Debug/MacDown 3000.app/Contents/Frameworks/Sparkle.framework: replacing existing signature

PhaseScriptExecution Update\ Build\ Number /Users/zydon/Sites/MacDown/build/AuditCampaign03/Build/Intermediates.noindex/MacDown\ 3000.build/Debug/MacDown.build/Script-1F8A82A81952F19B00B6BF69.sh (in target 'MacDown' from project 'MacDown 3000')
    cd /Users/zydon/Sites/MacDown
    /bin/sh -c /Users/zydon/Sites/MacDown/build/AuditCampaign03/Build/Intermediates.noindex/MacDown\\\ 3000.build/Debug/MacDown.build/Script-1F8A82A81952F19B00B6BF69.sh

CodeSign /Users/zydon/Sites/MacDown/build/AuditCampaign03/Build/Products/Debug/libPods-MacDownTests.a (in target 'Pods-MacDownTests' from project 'Pods')
    cd /Users/zydon/Sites/MacDown/Pods
    
    Signing Identity:     "Sign to Run Locally"
    
    /usr/bin/codesign --force --sign - --entitlements /Users/zydon/Sites/MacDown/build/AuditCampaign03/Build/Intermediates.noindex/Pods.build/Debug/Pods-MacDownTests.build/libPods-MacDownTests.a.xcent --timestamp\=none --generate-entitlement-der /Users/zydon/Sites/MacDown/build/AuditCampaign03/Build/Products/Debug/libPods-MacDownTests.a
/Users/zydon/Sites/MacDown/build/AuditCampaign03/Build/Products/Debug/libPods-MacDownTests.a: replacing existing signature

ProcessInfoPlistFile /Users/zydon/Sites/MacDown/build/AuditCampaign03/Build/Products/Debug/MacDown\ 3000.app/Contents/PlugIns/MacDownTests.xctest/Contents/Info.plist /Users/zydon/Sites/MacDown/MacDownTests/MacDownTests-Info.plist (in target 'MacDownTests' from project 'MacDown 3000')
    cd /Users/zydon/Sites/MacDown
    builtin-infoPlistUtility /Users/zydon/Sites/MacDown/MacDownTests/MacDownTests-Info.plist -producttype com.apple.product-type.bundle.unit-test -expandbuildsettings -platform macosx -o /Users/zydon/Sites/MacDown/build/AuditCampaign03/Build/Products/Debug/MacDown\ 3000.app/Contents/PlugIns/MacDownTests.xctest/Contents/Info.plist

PhaseScriptExecution [CP]\ Check\ Pods\ Manifest.lock /Users/zydon/Sites/MacDown/build/AuditCampaign03/Build/Intermediates.noindex/MacDown\ 3000.build/Debug/MacDownTests.build/Script-655CCD821E310F9767572216.sh (in target 'MacDownTests' from project 'MacDown 3000')
    cd /Users/zydon/Sites/MacDown
    /bin/sh -c /Users/zydon/Sites/MacDown/build/AuditCampaign03/Build/Intermediates.noindex/MacDown\\\ 3000.build/Debug/MacDownTests.build/Script-655CCD821E310F9767572216.sh

CompileC /Users/zydon/Sites/MacDown/build/AuditCampaign03/Build/Intermediates.noindex/MacDown\ 3000.build/Debug/MacDownTests.build/Objects-normal/arm64/MPFormattingScopeMenuTests.o /Users/zydon/Sites/MacDown/MacDownTests/MPFormattingScopeMenuTests.m normal arm64 objective-c com.apple.compilers.llvm.clang.1_0.compiler (in target 'MacDownTests' from project 'MacDown 3000')
    cd /Users/zydon/Sites/MacDown
    
    Using response file: /Users/zydon/Sites/MacDown/build/AuditCampaign03/Build/Intermediates.noindex/MacDown 3000.build/Debug/MacDownTests.build/Objects-normal/arm64/e6072d4f65d7061329687fe24e3d63a7-common-args.resp
    
    /Applications/Xcode.app/Contents/Developer/Toolchains/XcodeDefault.xctoolchain/usr/bin/clang -x objective-c -ivfsstatcache /Users/zydon/Sites/MacDown/build/AuditCampaign03/SDKStatCaches.noindex/macosx26.2-25C57-00fa09913b459cbbc988d1f6730289ae.sdkstatcache -fmessage-length\=0 -fdiagnostics-show-note-include-stack -fmacro-backtrace-limit\=0 -fno-color-diagnostics -Wno-trigraphs -Wno-missing-field-initializers -Wno-missing-prototypes -Werror\=return-type -Wunreachable-code -Wno-implicit-atomic-properties -Werror\=deprecated-objc-isa-usage -Wno-objc-interface-ivars -Werror\=objc-root-class -Wno-arc-repeated-use-of-weak -Wduplicate-method-match -Wno-missing-braces -Wparentheses -Wswitch -Wunused-function -Wno-unused-label -Wno-unused-parameter -Wunused-variable -Wunused-value -Wempty-body -Wuninitialized -Wconditional-uninitialized -Wno-unknown-pragmas -Wno-shadow -Wno-four-char-constants -Wno-conversion -Wconstant-conversion -Wint-conversion -Wbool-conversion -Wenum-conversion -Wno-float-conversion -Wnon-literal-null-conversion -Wobjc-literal-conversion -Wshorten-64-to-32 -Wpointer-sign -Wno-newline-eof -Wno-selector -Wno-strict-selector-match -Wundeclared-selector -Wno-deprecated-implementations -Wno-implicit-fallthrough -fstrict-aliasing -Wprotocol -Wdeprecated-declarations -Wno-sign-conversion -Winfinite-recursion -Wcomma -Wblock-capture-autoreleasing -Wstrict-prototypes -Wno-semicolon-before-method-body -index-store-path /Users/zydon/Sites/MacDown/build/AuditCampaign03/Index.noindex/DataStore @/Users/zydon/Sites/MacDown/build/AuditCampaign03/Build/Intermediates.noindex/MacDown\ 3000.build/Debug/MacDownTests.build/Objects-normal/arm64/e6072d4f65d7061329687fe24e3d63a7-common-args.resp -include /Users/zydon/Sites/MacDown/build/AuditCampaign03/Build/Intermediates.noindex/PrecompiledHeaders/SharedPrecompiledHeaders/16999375878173146802/MacDown-Prefix.pch -MMD -MT dependencies -MF /Users/zydon/Sites/MacDown/build/AuditCampaign03/Build/Intermediates.noindex/MacDown\ 3000.build/Debug/MacDownTests.build/Objects-normal/arm64/MPFormattingScopeMenuTests.d --serialize-diagnostics /Users/zydon/Sites/MacDown/build/AuditCampaign03/Build/Intermediates.noindex/MacDown\ 3000.build/Debug/MacDownTests.build/Objects-normal/arm64/MPFormattingScopeMenuTests.dia -c /Users/zydon/Sites/MacDown/MacDownTests/MPFormattingScopeMenuTests.m -o /Users/zydon/Sites/MacDown/build/AuditCampaign03/Build/Intermediates.noindex/MacDown\ 3000.build/Debug/MacDownTests.build/Objects-normal/arm64/MPFormattingScopeMenuTests.o -index-unit-output-path /MacDown\ 3000.build/Debug/MacDownTests.build/Objects-normal/arm64/MPFormattingScopeMenuTests.o
/Users/zydon/Sites/MacDown/MacDownTests/MPFormattingScopeMenuTests.m:17:18: warning: 'WebView' is deprecated: first deprecated in macOS 10.14 - No longer supported; please adopt WKWebView. [-Wdeprecated-declarations]
   17 | @property (weak) WebView *preview;
      |                  ^
In file included from /Users/zydon/Sites/MacDown/MacDownTests/MPFormattingScopeMenuTests.m:2:
In file included from /Applications/Xcode.app/Contents/Developer/Platforms/MacOSX.platform/Developer/SDKs/MacOSX26.2.sdk/System/Library/Frameworks/WebKit.framework/Headers/WebKit.h:86:
In file included from /Applications/Xcode.app/Contents/Developer/Platforms/MacOSX.platform/Developer/SDKs/MacOSX26.2.sdk/System/Library/Frameworks/WebKit.framework/Headers/WebKitLegacy.h:52:
/Applications/Xcode.app/Contents/Developer/Platforms/MacOSX.platform/Developer/SDKs/MacOSX26.2.sdk/System/Library/Frameworks/WebKit.framework/Headers/WebView.h:119:12: note: 'WebView' has been explicitly marked deprecated here
  119 | @interface WebView : NSView
      |            ^
/Users/zydon/Sites/MacDown/MacDownTests/MPFormattingScopeMenuTests.m:37:20: warning: 'WebView' is deprecated: first deprecated in macOS 10.14 - No longer supported; please adopt WKWebView. [-Wdeprecated-declarations]
   37 | @property (strong) WebView *web;
      |                    ^
In file included from /Users/zydon/Sites/MacDown/MacDownTests/MPFormattingScopeMenuTests.m:2:
In file included from /Applications/Xcode.app/Contents/Developer/Platforms/MacOSX.platform/Developer/SDKs/MacOSX26.2.sdk/System/Library/Frameworks/WebKit.framework/Headers/WebKit.h:86:
In file included from /Applications/Xcode.app/Contents/Developer/Platforms/MacOSX.platform/Developer/SDKs/MacOSX26.2.sdk/System/Library/Frameworks/WebKit.framework/Headers/WebKitLegacy.h:52:
/Applications/Xcode.app/Contents/Developer/Platforms/MacOSX.platform/Developer/SDKs/MacOSX26.2.sdk/System/Library/Frameworks/WebKit.framework/Headers/WebView.h:119:12: note: 'WebView' has been explicitly marked deprecated here
  119 | @interface WebView : NSView
      |            ^
/Users/zydon/Sites/MacDown/MacDownTests/MPFormattingScopeMenuTests.m:56:24: warning: 'WebView' is deprecated: first deprecated in macOS 10.14 - No longer supported; please adopt WKWebView. [-Wdeprecated-declarations]
   56 |     self.web=[[WebView alloc] initWithFrame:NSMakeRect(600,0,600,450)];
      |                        ^
In file included from /Users/zydon/Sites/MacDown/MacDownTests/MPFormattingScopeMenuTests.m:2:
In file included from /Applications/Xcode.app/Contents/Developer/Platforms/MacOSX.platform/Developer/SDKs/MacOSX26.2.sdk/System/Library/Frameworks/WebKit.framework/Headers/WebKit.h:86:
In file included from /Applications/Xcode.app/Contents/Developer/Platforms/MacOSX.platform/Developer/SDKs/MacOSX26.2.sdk/System/Library/Frameworks/WebKit.framework/Headers/WebKitLegacy.h:52:
/Applications/Xcode.app/Contents/Developer/Platforms/MacOSX.platform/Developer/SDKs/MacOSX26.2.sdk/System/Library/Frameworks/WebKit.framework/Headers/WebView.h:119:12: note: 'WebView' has been explicitly marked deprecated here
  119 | @interface WebView : NSView
      |            ^
/Users/zydon/Sites/MacDown/MacDownTests/MPFormattingScopeMenuTests.m:65:36: warning: 'WebFrameLoadDelegate' is deprecated: first deprecated in macOS 10.14 [-Wdeprecated-declarations]
   65 |     self.web.frameLoadDelegate=(id<WebFrameLoadDelegate>)self.document;
      |                                    ^
In file included from /Users/zydon/Sites/MacDown/MacDownTests/MPFormattingScopeMenuTests.m:2:
In file included from /Applications/Xcode.app/Contents/Developer/Platforms/MacOSX.platform/Developer/SDKs/MacOSX26.2.sdk/System/Library/Frameworks/WebKit.framework/Headers/WebKit.h:86:
In file included from /Applications/Xcode.app/Contents/Developer/Platforms/MacOSX.platform/Developer/SDKs/MacOSX26.2.sdk/System/Library/Frameworks/WebKit.framework/Headers/WebKitLegacy.h:38:
/Applications/Xcode.app/Contents/Developer/Platforms/MacOSX.platform/Developer/SDKs/MacOSX26.2.sdk/System/Library/Frameworks/WebKit.framework/Headers/WebFrameLoadDelegate.h:52:11: note: 'WebFrameLoadDelegate' has been explicitly marked deprecated here
   52 | @protocol WebFrameLoadDelegate <NSObject>
      |           ^
/Users/zydon/Sites/MacDown/MacDownTests/MPFormattingScopeMenuTests.m:66:33: warning: 'WebPolicyDelegate' is deprecated: first deprecated in macOS 10.14 [-Wdeprecated-declarations]
   66 |     self.web.policyDelegate=(id<WebPolicyDelegate>)self.document;
      |                                 ^
In file included from /Users/zydon/Sites/MacDown/MacDownTests/MPFormattingScopeMenuTests.m:2:
In file included from /Applications/Xcode.app/Contents/Developer/Platforms/MacOSX.platform/Developer/SDKs/MacOSX26.2.sdk/System/Library/Frameworks/WebKit.framework/Headers/WebKit.h:86:
In file included from /Applications/Xcode.app/Contents/Developer/Platforms/MacOSX.platform/Developer/SDKs/MacOSX26.2.sdk/System/Library/Frameworks/WebKit.framework/Headers/WebKitLegacy.h:46:
/Applications/Xcode.app/Contents/Developer/Platforms/MacOSX.platform/Developer/SDKs/MacOSX26.2.sdk/System/Library/Frameworks/WebKit.framework/Headers/WebPolicyDelegate.h:141:11: note: 'WebPolicyDelegate' has been explicitly marked deprecated here
  141 | @protocol WebPolicyDelegate <NSObject>
      |           ^
/Users/zydon/Sites/MacDown/MacDownTests/MPFormattingScopeMenuTests.m:67:34: warning: 'WebEditingDelegate' is deprecated: first deprecated in macOS 10.14 [-Wdeprecated-declarations]
   67 |     self.web.editingDelegate=(id<WebEditingDelegate>)self.document;
      |                                  ^
In file included from /Users/zydon/Sites/MacDown/MacDownTests/MPFormattingScopeMenuTests.m:2:
In file included from /Applications/Xcode.app/Contents/Developer/Platforms/MacOSX.platform/Developer/SDKs/MacOSX26.2.sdk/System/Library/Frameworks/WebKit.framework/Headers/WebKit.h:86:
In file included from /Applications/Xcode.app/Contents/Developer/Platforms/MacOSX.platform/Developer/SDKs/MacOSX26.2.sdk/System/Library/Frameworks/WebKit.framework/Headers/WebKitLegacy.h:36:
/Applications/Xcode.app/Contents/Developer/Platforms/MacOSX.platform/Developer/SDKs/MacOSX26.2.sdk/System/Library/Frameworks/WebKit.framework/Headers/WebEditingDelegate.h:46:11: note: 'WebEditingDelegate' has been explicitly marked deprecated here
   46 | @protocol WebEditingDelegate <NSObject>
      |           ^
6 warnings generated.

Ld /Users/zydon/Sites/MacDown/build/AuditCampaign03/Build/Products/Debug/MacDown\ 3000.app/Contents/PlugIns/MacDownTests.xctest/Contents/MacOS/MacDownTests normal (in target 'MacDownTests' from project 'MacDown 3000')
    cd /Users/zydon/Sites/MacDown
    /Applications/Xcode.app/Contents/Developer/Toolchains/XcodeDefault.xctoolchain/usr/bin/clang -Xlinker -reproducible -target arm64-apple-macos11.0 -bundle -isysroot /Applications/Xcode.app/Contents/Developer/Platforms/MacOSX.platform/Developer/SDKs/MacOSX26.2.sdk -O0 -L/Users/zydon/Sites/MacDown/build/AuditCampaign03/Build/Intermediates.noindex/EagerLinkingTBDs/Debug -L/Users/zydon/Sites/MacDown/build/AuditCampaign03/Build/Products/Debug -L/Users/zydon/Sites/MacDown/build/AuditCampaign03/Build/Products/Debug/PAPreferences -L/Users/zydon/Sites/MacDown/build/AuditCampaign03/Build/Products/Debug/hoedown -L/Users/zydon/Library/.macdown-audit-vault.8znky4qo/fixture-home/Library/Developer/Xcode/DerivedData/MacDown-ggdtxvuybojeqbhjydkhilziizrv/Build/Products/Debug -L/Applications/Xcode.app/Contents/Developer/Platforms/MacOSX.platform/Developer/usr/lib -F/Users/zydon/Sites/MacDown/build/AuditCampaign03/Build/Intermediates.noindex/EagerLinkingTBDs/Debug -F/Users/zydon/Sites/MacDown/build/AuditCampaign03/Build/Products/Debug -F/Applications/Xcode.app/Contents/Developer/Library/Frameworks -iframework /Applications/Xcode.app/Contents/Developer/Platforms/MacOSX.platform/Developer/Library/Frameworks -filelist /Users/zydon/Sites/MacDown/build/AuditCampaign03/Build/Intermediates.noindex/MacDown\ 3000.build/Debug/MacDownTests.build/Objects-normal/arm64/MacDownTests.LinkFileList -Xlinker -rpath -Xlinker @loader_path/../Frameworks -Xlinker -rpath -Xlinker @executable_path/../Frameworks -bundle_loader /Users/zydon/Sites/MacDown/build/AuditCampaign03/Build/Products/Debug/MacDown\ 3000.app/Contents/MacOS/MacDown\ 3000 -Xlinker -object_path_lto -Xlinker /Users/zydon/Sites/MacDown/build/AuditCampaign03/Build/Intermediates.noindex/MacDown\ 3000.build/Debug/MacDownTests.build/Objects-normal/arm64/MacDownTests_lto.o -rdynamic -Xlinker -no_deduplicate -Xlinker -dependency_info -Xlinker /Users/zydon/Sites/MacDown/build/AuditCampaign03/Build/Intermediates.noindex/MacDown\ 3000.build/Debug/MacDownTests.build/Objects-normal/arm64/MacDownTests_dependency_info.dat -fobjc-arc -fobjc-link-runtime -ObjC -lPAPreferences -lhoedown -Xlinker -needed_framework -Xlinker XCTest -framework XCTest -Xlinker -needed-lXCTestSwiftSupport -lXCTestSwiftSupport -framework Cocoa -framework XCTest -framework JavaScriptCore -framework WebKit -lPods-MacDownTests -framework PDFKit -Xlinker -no_adhoc_codesign -o /Users/zydon/Sites/MacDown/build/AuditCampaign03/Build/Products/Debug/MacDown\ 3000.app/Contents/PlugIns/MacDownTests.xctest/Contents/MacOS/MacDownTests
ld: warning: search path '/Users/zydon/Library/.macdown-audit-vault.8znky4qo/fixture-home/Library/Developer/Xcode/DerivedData/MacDown-ggdtxvuybojeqbhjydkhilziizrv/Build/Products/Debug' not found
ld: warning: building for macOS-11.0, but linking with dylib '@rpath/XCTest.framework/Versions/A/XCTest' which was built for newer version 14.0
ld: warning: building for macOS-11.0, but linking with dylib '@rpath/libXCTestSwiftSupport.dylib' which was built for newer version 14.0

CodeSign /Users/zydon/Sites/MacDown/build/AuditCampaign03/Build/Products/Debug/MacDown\ 3000.app/Contents/PlugIns/MacDownTests.xctest (in target 'MacDownTests' from project 'MacDown 3000')
    cd /Users/zydon/Sites/MacDown
    
    Signing Identity:     "Sign to Run Locally"
    
    /usr/bin/codesign --force --sign - --timestamp\=none --generate-entitlement-der /Users/zydon/Sites/MacDown/build/AuditCampaign03/Build/Products/Debug/MacDown\ 3000.app/Contents/PlugIns/MacDownTests.xctest

CodeSign /Users/zydon/Sites/MacDown/build/AuditCampaign03/Build/Products/Debug/MacDown\ 3000.app (in target 'MacDown' from project 'MacDown 3000')
    cd /Users/zydon/Sites/MacDown
    
    Signing Identity:     "Sign to Run Locally"
    
    /usr/bin/codesign --force --sign - --entitlements /Users/zydon/Sites/MacDown/build/AuditCampaign03/Build/Intermediates.noindex/MacDown\ 3000.build/Debug/MacDown.build/MacDown\ 3000.app.xcent --timestamp\=none --generate-entitlement-der /Users/zydon/Sites/MacDown/build/AuditCampaign03/Build/Products/Debug/MacDown\ 3000.app
/Users/zydon/Sites/MacDown/build/AuditCampaign03/Build/Products/Debug/MacDown 3000.app: replacing existing signature

Validate /Users/zydon/Sites/MacDown/build/AuditCampaign03/Build/Products/Debug/MacDown\ 3000.app (in target 'MacDown' from project 'MacDown 3000')
    cd /Users/zydon/Sites/MacDown
    builtin-validationUtility /Users/zydon/Sites/MacDown/build/AuditCampaign03/Build/Products/Debug/MacDown\ 3000.app -no-validate-extension -infoplist-subpath Contents/Info.plist

ValidateEmbeddedBinary /Users/zydon/Sites/MacDown/build/AuditCampaign03/Build/Products/Debug/MacDown\ 3000.app/Contents/PlugIns/MacDownQuickLook.appex (in target 'MacDown' from project 'MacDown 3000')
    cd /Users/zydon/Sites/MacDown
    /Applications/Xcode.app/Contents/Developer/usr/bin/embeddedBinaryValidationUtility /Users/zydon/Sites/MacDown/build/AuditCampaign03/Build/Products/Debug/MacDown\ 3000.app/Contents/PlugIns/MacDownQuickLook.appex -signing-cert - -info-plist-path /Users/zydon/Sites/MacDown/build/AuditCampaign03/Build/Products/Debug/MacDown\ 3000.app/Contents/Info.plist

RegisterWithLaunchServices /Users/zydon/Sites/MacDown/build/AuditCampaign03/Build/Products/Debug/MacDown\ 3000.app (in target 'MacDown' from project 'MacDown 3000')
    cd /Users/zydon/Sites/MacDown
    /System/Library/Frameworks/CoreServices.framework/Versions/Current/Frameworks/LaunchServices.framework/Versions/Current/Support/lsregister -f -R -trusted /Users/zydon/Sites/MacDown/build/AuditCampaign03/Build/Products/Debug/MacDown\ 3000.app

objc[32209]: Class PAPreferences is implemented in both /Users/zydon/Sites/MacDown/build/AuditCampaign03/Build/Products/Debug/MacDown 3000.app/Contents/MacOS/MacDown 3000 (0x102229df0) and /Users/zydon/Sites/MacDown/build/AuditCampaign03/Build/Products/Debug/MacDown 3000.app/Contents/PlugIns/MacDownTests.xctest/Contents/MacOS/MacDownTests (0x10ae62038). This may cause spurious casting failures and mysterious crashes. One of the duplicates must be removed or renamed.
objc[32209]: Class PodsDummy_PAPreferences is implemented in both /Users/zydon/Sites/MacDown/build/AuditCampaign03/Build/Products/Debug/MacDown 3000.app/Contents/MacOS/MacDown 3000 (0x102229e68) and /Users/zydon/Sites/MacDown/build/AuditCampaign03/Build/Products/Debug/MacDown 3000.app/Contents/PlugIns/MacDownTests.xctest/Contents/MacOS/MacDownTests (0x10ae620b0). This may cause spurious casting failures and mysterious crashes. One of the duplicates must be removed or renamed.
objc[32209]: Class PAPropertyDescriptor is implemented in both /Users/zydon/Sites/MacDown/build/AuditCampaign03/Build/Products/Debug/MacDown 3000.app/Contents/MacOS/MacDown 3000 (0x102229e90) and /Users/zydon/Sites/MacDown/build/AuditCampaign03/Build/Products/Debug/MacDown 3000.app/Contents/PlugIns/MacDownTests.xctest/Contents/MacOS/MacDownTests (0x10ae620d8). This may cause spurious casting failures and mysterious crashes. One of the duplicates must be removed or renamed.
objc[32209]: Class PodsDummy_hoedown is implemented in both /Users/zydon/Sites/MacDown/build/AuditCampaign03/Build/Products/Debug/MacDown 3000.app/Contents/MacOS/MacDown 3000 (0x10222abd8) and /Users/zydon/Sites/MacDown/build/AuditCampaign03/Build/Products/Debug/MacDown 3000.app/Contents/PlugIns/MacDownTests.xctest/Contents/MacOS/MacDownTests (0x10ae62150). This may cause spurious casting failures and mysterious crashes. One of the duplicates must be removed or renamed.
2026-10-10 21:38:54.890209+0200 MacDown 3000[32209:51288350] [Connection] Unable to get synchronousRemoteObjectProxy, error: Error Domain=NSCocoaErrorDomain Code=4097 "connection to service named com.apple.linkd.autoShortcut" UserInfo={NSDebugDescription=connection to service named com.apple.linkd.autoShortcut}
2026-10-10 21:38:54.890423+0200 MacDown 3000[32209:51288350] [Application] Error registering app with intents framework: Error Domain=NSCocoaErrorDomain Code=4097 "connection to service named com.apple.linkd.autoShortcut" UserInfo={NSDebugDescription=connection to service named com.apple.linkd.autoShortcut}
2026-10-10 21:38:54.890668+0200 MacDown 3000[32209:51288346] [Connection] Unable to get synchronousRemoteObjectProxy, error: Error Domain=NSCocoaErrorDomain Code=4097 "connection to service named com.apple.linkd.autoShortcut" UserInfo={NSDebugDescription=connection to service named com.apple.linkd.autoShortcut}
2026-10-10 21:38:54.890682+0200 MacDown 3000[32209:51288346] [Connection] Unable to re-register with Process Instance Registry, error: Error Domain=NSCocoaErrorDomain Code=4097 "connection to service named com.apple.linkd.autoShortcut" UserInfo={NSDebugDescription=connection to service named com.apple.linkd.autoShortcut}
2026-10-10 21:38:54.891105+0200 MacDown 3000[32209:51288345] [Connection] Unable to get synchronousRemoteObjectProxy, error: Error Domain=NSCocoaErrorDomain Code=4097 "connection to service named com.apple.linkd.autoShortcut" UserInfo={NSDebugDescription=connection to service named com.apple.linkd.autoShortcut}
2026-10-10 21:38:54.891120+0200 MacDown 3000[32209:51288345] [Connection] Unable to re-register with Process Instance Registry, error: Error Domain=NSCocoaErrorDomain Code=4097 "connection to service named com.apple.linkd.autoShortcut" UserInfo={NSDebugDescription=connection to service named com.apple.linkd.autoShortcut}
2026-10-10 21:38:54.891470+0200 MacDown 3000[32209:51288345] [Connection] Will NOT re-try to establish the connection
2026-10-10 21:38:54.891488+0200 MacDown 3000[32209:51288350] [Connection] Unable to get synchronousRemoteObjectProxy, error: Error Domain=NSCocoaErrorDomain Code=4097 "connection to service named com.apple.linkd.autoShortcut" UserInfo={NSDebugDescription=connection to service named com.apple.linkd.autoShortcut}
2026-10-10 21:38:54.891497+0200 MacDown 3000[32209:51288350] [Connection] Unable to re-register with Process Instance Registry, error: Error Domain=NSCocoaErrorDomain Code=4097 "connection to service named com.apple.linkd.autoShortcut" UserInfo={NSDebugDescription=connection to service named com.apple.linkd.autoShortcut}
2026-10-10 21:38:54.954377+0200 MacDown 3000[32209:51288320] ApplePersistenceIgnoreState: Existing state will not be touched. New state will be written to /var/folders/sl/qh_kc_kn1r732kw2tsj7z5xh0000gn/T/app.macdown.macdown3000-debug.savedState
2026-10-10 21:38:55.148466+0200 MacDown 3000[32209:51288365] [logging-persist] cannot open file at line 51044 of [f0ca7bba1c]
2026-10-10 21:38:55.148484+0200 MacDown 3000[32209:51288365] [logging-persist] os_unix.c:51044: (2) open(/private/var/db/DetachedSignatures) - No such file or directory
2026-10-10 21:38:55.548444+0200 MacDown 3000[32209:51288320] [ScrollSync] Realigned reference points: editor 134->0, preview 0->0
2026-10-10 21:38:55.553021+0200 MacDown 3000[32209:51288320] [ScrollSync] Realigned reference points: editor 134->0, preview 0->0
2026-10-10 21:38:55.559080+0200 MacDown 3000[32209:51288353] [Common] Unable to obtain a task name port right for pid 412: (os/kern) failure (0x5)
Test Suite 'Selected tests' started at 2026-10-10 21:38:55.608.
Test Suite 'MacDownTests.xctest' started at 2026-10-10 21:38:55.608.
Test Suite 'MPFormattingScopeMenuTests' started at 2026-10-10 21:38:55.608.
Test Case '-[MPFormattingScopeMenuTests testAllInlineSubsetsMapAcrossParserModesAndLightAndDarkThemes]' started.
2026-10-10 21:38:55.658664+0200 MacDown 3000[32209:51288320] [ScrollSync] Realigned reference points: editor 134->120, preview 141->120
2026-10-10 21:38:55.669450+0200 MacDown 3000[32209:51288320] [ScrollSync] Realigned reference points: editor 134->120, preview 141->120
2026-10-10 21:38:56.119825+0200 MacDown 3000[32209:51288320] [WarnOnce] *** WARNING: Method convertPointToBase: in class NSView is deprecated on 10.7 and later. It should not be used in new applications.
2026-10-10 21:38:56.139763+0200 MacDown 3000[32209:51288320] [ScrollSync] Realigned reference points: editor 134->120, preview 141->120
2026-10-10 21:38:56.619783+0200 MacDown 3000[32209:51288320] [ScrollSync] Realigned reference points: editor 134->120, preview 141->120
2026-10-10 21:38:57.061899+0200 MacDown 3000[32209:51288320] [ScrollSync] Realigned reference points: editor 134->120, preview 141->120
2026-10-10 21:38:57.502323+0200 MacDown 3000[32209:51288320] [ScrollSync] Realigned reference points: editor 134->120, preview 141->120
2026-10-10 21:38:57.973587+0200 MacDown 3000[32209:51288320] [ScrollSync] Realigned reference points: editor 134->120, preview 141->120
2026-10-10 21:38:58.426799+0200 MacDown 3000[32209:51288320] [ScrollSync] Realigned reference points: editor 134->120, preview 141->120
2026-10-10 21:38:58.866030+0200 MacDown 3000[32209:51288320] [ScrollSync] Realigned reference points: editor 134->120, preview 141->120
2026-10-10 21:38:59.313036+0200 MacDown 3000[32209:51288320] [ScrollSync] Realigned reference points: editor 134->120, preview 141->120
2026-10-10 21:38:59.762812+0200 MacDown 3000[32209:51288320] [ScrollSync] Realigned reference points: editor 134->120, preview 141->120
2026-10-10 21:39:00.209924+0200 MacDown 3000[32209:51288320] [ScrollSync] Realigned reference points: editor 134->120, preview 141->120
2026-10-10 21:39:00.653727+0200 MacDown 3000[32209:51288320] [ScrollSync] Realigned reference points: editor 134->120, preview 141->120
2026-10-10 21:39:01.096974+0200 MacDown 3000[32209:51288320] [ScrollSync] Realigned reference points: editor 134->120, preview 141->120
2026-10-10 21:39:01.539786+0200 MacDown 3000[32209:51288320] [ScrollSync] Realigned reference points: editor 134->120, preview 141->120
2026-10-10 21:39:01.987474+0200 MacDown 3000[32209:51288320] [ScrollSync] Realigned reference points: editor 134->120, preview 141->120
2026-10-10 21:39:02.438551+0200 MacDown 3000[32209:51288320] [ScrollSync] Realigned reference points: editor 134->120, preview 141->120
2026-10-10 21:39:02.886837+0200 MacDown 3000[32209:51288320] [ScrollSync] Realigned reference points: editor 134->120, preview 141->120
2026-10-10 21:39:03.332234+0200 MacDown 3000[32209:51288320] [ScrollSync] Realigned reference points: editor 134->120, preview 141->120
2026-10-10 21:39:03.777817+0200 MacDown 3000[32209:51288320] [ScrollSync] Realigned reference points: editor 134->120, preview 141->120
2026-10-10 21:39:04.220285+0200 MacDown 3000[32209:51288320] [ScrollSync] Realigned reference points: editor 134->120, preview 141->120
2026-10-10 21:39:04.668760+0200 MacDown 3000[32209:51288320] [ScrollSync] Realigned reference points: editor 134->120, preview 141->120
2026-10-10 21:39:05.137323+0200 MacDown 3000[32209:51288320] [ScrollSync] Realigned reference points: editor 134->120, preview 141->120
2026-10-10 21:39:05.585748+0200 MacDown 3000[32209:51288320] [ScrollSync] Realigned reference points: editor 134->120, preview 141->120
2026-10-10 21:39:06.037649+0200 MacDown 3000[32209:51288320] [ScrollSync] Realigned reference points: editor 134->120, preview 141->120
2026-10-10 21:39:06.494322+0200 MacDown 3000[32209:51288320] [ScrollSync] Realigned reference points: editor 134->120, preview 141->120
2026-10-10 21:39:06.939233+0200 MacDown 3000[32209:51288320] [ScrollSync] Realigned reference points: editor 134->120, preview 141->120
2026-10-10 21:39:07.404244+0200 MacDown 3000[32209:51288320] [ScrollSync] Realigned reference points: editor 134->120, preview 141->120
2026-10-10 21:39:07.873264+0200 MacDown 3000[32209:51288320] [ScrollSync] Realigned reference points: editor 134->120, preview 141->120
2026-10-10 21:39:08.349714+0200 MacDown 3000[32209:51288320] [ScrollSync] Realigned reference points: editor 134->120, preview 141->120
2026-10-10 21:39:08.830036+0200 MacDown 3000[32209:51288320] [ScrollSync] Realigned reference points: editor 134->120, preview 141->120
2026-10-10 21:39:09.275724+0200 MacDown 3000[32209:51288320] [ScrollSync] Realigned reference points: editor 134->120, preview 141->120
2026-10-10 21:39:09.764217+0200 MacDown 3000[32209:51288320] [ScrollSync] Realigned reference points: editor 134->120, preview 141->120
2026-10-10 21:39:10.265843+0200 MacDown 3000[32209:51288320] [ScrollSync] Realigned reference points: editor 134->120, preview 141->120
2026-10-10 21:39:10.754350+0200 MacDown 3000[32209:51288320] [ScrollSync] Realigned reference points: editor 134->120, preview 141->120
2026-10-10 21:39:11.215906+0200 MacDown 3000[32209:51288320] [ScrollSync] Realigned reference points: editor 134->120, preview 141->120
2026-10-10 21:39:11.673183+0200 MacDown 3000[32209:51288320] [ScrollSync] Realigned reference points: editor 134->120, preview 141->120
2026-10-10 21:39:12.120633+0200 MacDown 3000[32209:51288320] [ScrollSync] Realigned reference points: editor 134->120, preview 141->120
2026-10-10 21:39:12.567741+0200 MacDown 3000[32209:51288320] [ScrollSync] Realigned reference points: editor 134->120, preview 141->120
2026-10-10 21:39:13.023982+0200 MacDown 3000[32209:51288320] [ScrollSync] Realigned reference points: editor 134->120, preview 141->120
2026-10-10 21:39:13.478226+0200 MacDown 3000[32209:51288320] [ScrollSync] Realigned reference points: editor 134->120, preview 141->120
2026-10-10 21:39:13.953164+0200 MacDown 3000[32209:51288320] [ScrollSync] Realigned reference points: editor 134->120, preview 141->120
2026-10-10 21:39:14.419479+0200 MacDown 3000[32209:51288320] [ScrollSync] Realigned reference points: editor 134->120, preview 141->120
2026-10-10 21:39:14.885888+0200 MacDown 3000[32209:51288320] [ScrollSync] Realigned reference points: editor 134->120, preview 141->120
2026-10-10 21:39:15.339888+0200 MacDown 3000[32209:51288320] [ScrollSync] Realigned reference points: editor 134->120, preview 141->120
2026-10-10 21:39:15.786090+0200 MacDown 3000[32209:51288320] [ScrollSync] Realigned reference points: editor 134->120, preview 141->120
2026-10-10 21:39:16.235218+0200 MacDown 3000[32209:51288320] [ScrollSync] Realigned reference points: editor 134->120, preview 141->120
2026-10-10 21:39:16.707877+0200 MacDown 3000[32209:51288320] [ScrollSync] Realigned reference points: editor 134->120, preview 141->120
2026-10-10 21:39:17.170891+0200 MacDown 3000[32209:51288320] [ScrollSync] Realigned reference points: editor 134->120, preview 141->120
2026-10-10 21:39:17.625013+0200 MacDown 3000[32209:51288320] [ScrollSync] Realigned reference points: editor 134->120, preview 141->120
2026-10-10 21:39:18.098037+0200 MacDown 3000[32209:51288320] [ScrollSync] Realigned reference points: editor 134->120, preview 141->120
2026-10-10 21:39:18.548504+0200 MacDown 3000[32209:51288320] [ScrollSync] Realigned reference points: editor 134->120, preview 141->120
2026-10-10 21:39:18.991403+0200 MacDown 3000[32209:51288320] [ScrollSync] Realigned reference points: editor 134->120, preview 141->120
2026-10-10 21:39:19.431626+0200 MacDown 3000[32209:51288320] [ScrollSync] Realigned reference points: editor 134->120, preview 141->120
2026-10-10 21:39:19.875447+0200 MacDown 3000[32209:51288320] [ScrollSync] Realigned reference points: editor 134->120, preview 141->120
2026-10-10 21:39:20.322503+0200 MacDown 3000[32209:51288320] [ScrollSync] Realigned reference points: editor 134->120, preview 141->120
2026-10-10 21:39:20.780284+0200 MacDown 3000[32209:51288320] [ScrollSync] Realigned reference points: editor 134->120, preview 141->120
2026-10-10 21:39:21.231111+0200 MacDown 3000[32209:51288320] [ScrollSync] Realigned reference points: editor 134->120, preview 141->120
2026-10-10 21:39:21.700929+0200 MacDown 3000[32209:51288320] [ScrollSync] Realigned reference points: editor 134->120, preview 141->120
2026-10-10 21:39:22.169329+0200 MacDown 3000[32209:51288320] [ScrollSync] Realigned reference points: editor 134->120, preview 141->120
2026-10-10 21:39:22.620683+0200 MacDown 3000[32209:51288320] [ScrollSync] Realigned reference points: editor 134->120, preview 141->120
2026-10-10 21:39:23.065072+0200 MacDown 3000[32209:51288320] [ScrollSync] Realigned reference points: editor 134->120, preview 141->120
2026-10-10 21:39:23.515829+0200 MacDown 3000[32209:51288320] [ScrollSync] Realigned reference points: editor 134->120, preview 141->120
2026-10-10 21:39:23.990308+0200 MacDown 3000[32209:51288320] [ScrollSync] Realigned reference points: editor 134->120, preview 141->120
2026-10-10 21:39:24.438857+0200 MacDown 3000[32209:51288320] [ScrollSync] Realigned reference points: editor 134->120, preview 141->120
2026-10-10 21:39:24.893512+0200 MacDown 3000[32209:51288320] [ScrollSync] Realigned reference points: editor 134->120, preview 141->120
2026-10-10 21:39:25.358411+0200 MacDown 3000[32209:51288320] [ScrollSync] Realigned reference points: editor 134->120, preview 141->120
2026-10-10 21:39:27.424122+0200 MacDown 3000[32209:51288320] [ScrollSync] Realigned reference points: editor 134->120, preview 141->120
2026-10-10 21:39:27.442168+0200 MacDown 3000[32209:51288320] [ScrollSync] Realigned reference points: editor 134->120, preview 141->120
2026-10-10 21:39:27.892402+0200 MacDown 3000[32209:51288320] [ScrollSync] Realigned reference points: editor 134->120, preview 141->120
2026-10-10 21:39:28.358800+0200 MacDown 3000[32209:51288320] [ScrollSync] Realigned reference points: editor 134->120, preview 141->120
2026-10-10 21:39:28.819102+0200 MacDown 3000[32209:51288320] [ScrollSync] Realigned reference points: editor 134->120, preview 141->120
2026-10-10 21:39:29.276798+0200 MacDown 3000[32209:51288320] [ScrollSync] Realigned reference points: editor 134->120, preview 141->120
2026-10-10 21:39:29.740034+0200 MacDown 3000[32209:51288320] [ScrollSync] Realigned reference points: editor 134->120, preview 141->120
2026-10-10 21:39:30.205552+0200 MacDown 3000[32209:51288320] [ScrollSync] Realigned reference points: editor 134->120, preview 141->120
2026-10-10 21:39:30.676673+0200 MacDown 3000[32209:51288320] [ScrollSync] Realigned reference points: editor 134->120, preview 141->120
2026-10-10 21:39:31.136626+0200 MacDown 3000[32209:51288320] [ScrollSync] Realigned reference points: editor 134->120, preview 141->120
2026-10-10 21:39:31.588817+0200 MacDown 3000[32209:51288320] [ScrollSync] Realigned reference points: editor 134->120, preview 141->120
2026-10-10 21:39:32.039458+0200 MacDown 3000[32209:51288320] [ScrollSync] Realigned reference points: editor 134->120, preview 141->120
2026-10-10 21:39:32.485906+0200 MacDown 3000[32209:51288320] [ScrollSync] Realigned reference points: editor 134->120, preview 141->120
2026-10-10 21:39:32.931983+0200 MacDown 3000[32209:51288320] [ScrollSync] Realigned reference points: editor 134->120, preview 141->120
2026-10-10 21:39:33.380884+0200 MacDown 3000[32209:51288320] [ScrollSync] Realigned reference points: editor 134->120, preview 141->120
2026-10-10 21:39:33.835791+0200 MacDown 3000[32209:51288320] [ScrollSync] Realigned reference points: editor 134->120, preview 141->120
2026-10-10 21:39:34.290160+0200 MacDown 3000[32209:51288320] [ScrollSync] Realigned reference points: editor 134->120, preview 141->120
2026-10-10 21:39:34.763536+0200 MacDown 3000[32209:51288320] [ScrollSync] Realigned reference points: editor 134->120, preview 141->120
2026-10-10 21:39:35.237399+0200 MacDown 3000[32209:51288320] [ScrollSync] Realigned reference points: editor 134->120, preview 141->120
2026-10-10 21:39:35.692414+0200 MacDown 3000[32209:51288320] [ScrollSync] Realigned reference points: editor 134->120, preview 141->120
2026-10-10 21:39:36.162084+0200 MacDown 3000[32209:51288320] [ScrollSync] Realigned reference points: editor 134->120, preview 141->120
2026-10-10 21:39:36.618626+0200 MacDown 3000[32209:51288320] [ScrollSync] Realigned reference points: editor 134->120, preview 141->120
2026-10-10 21:39:37.087672+0200 MacDown 3000[32209:51288320] [ScrollSync] Realigned reference points: editor 134->120, preview 141->120
2026-10-10 21:39:37.544158+0200 MacDown 3000[32209:51288320] [ScrollSync] Realigned reference points: editor 134->120, preview 141->120
2026-10-10 21:39:38.011377+0200 MacDown 3000[32209:51288320] [ScrollSync] Realigned reference points: editor 134->120, preview 141->120
2026-10-10 21:39:38.473107+0200 MacDown 3000[32209:51288320] [ScrollSync] Realigned reference points: editor 134->120, preview 141->120
2026-10-10 21:39:38.941209+0200 MacDown 3000[32209:51288320] [ScrollSync] Realigned reference points: editor 134->120, preview 141->120
2026-10-10 21:39:39.402212+0200 MacDown 3000[32209:51288320] [ScrollSync] Realigned reference points: editor 134->120, preview 141->120
2026-10-10 21:39:39.865064+0200 MacDown 3000[32209:51288320] [ScrollSync] Realigned reference points: editor 134->120, preview 141->120
2026-10-10 21:39:40.330920+0200 MacDown 3000[32209:51288320] [ScrollSync] Realigned reference points: editor 134->120, preview 141->120
2026-10-10 21:39:40.793385+0200 MacDown 3000[32209:51288320] [ScrollSync] Realigned reference points: editor 134->120, preview 141->120
2026-10-10 21:39:41.242813+0200 MacDown 3000[32209:51288320] [ScrollSync] Realigned reference points: editor 134->120, preview 141->120
2026-10-10 21:39:41.692936+0200 MacDown 3000[32209:51288320] [ScrollSync] Realigned reference points: editor 134->120, preview 141->120
2026-10-10 21:39:42.145298+0200 MacDown 3000[32209:51288320] [ScrollSync] Realigned reference points: editor 134->120, preview 141->120
2026-10-10 21:39:42.603339+0200 MacDown 3000[32209:51288320] [ScrollSync] Realigned reference points: editor 134->120, preview 141->120
2026-10-10 21:39:43.052947+0200 MacDown 3000[32209:51288320] [ScrollSync] Realigned reference points: editor 134->120, preview 141->120
2026-10-10 21:39:43.501985+0200 MacDown 3000[32209:51288320] [ScrollSync] Realigned reference points: editor 134->120, preview 141->120
2026-10-10 21:39:43.971378+0200 MacDown 3000[32209:51288320] [ScrollSync] Realigned reference points: editor 134->120, preview 141->120
2026-10-10 21:39:44.443120+0200 MacDown 3000[32209:51288320] [ScrollSync] Realigned reference points: editor 134->120, preview 141->120
2026-10-10 21:39:44.925661+0200 MacDown 3000[32209:51288320] [ScrollSync] Realigned reference points: editor 134->120, preview 141->120
2026-10-10 21:39:45.403630+0200 MacDown 3000[32209:51288320] [ScrollSync] Realigned reference points: editor 134->120, preview 141->120
2026-10-10 21:39:45.857100+0200 MacDown 3000[32209:51288320] [ScrollSync] Realigned reference points: editor 134->120, preview 141->120
2026-10-10 21:39:46.307295+0200 MacDown 3000[32209:51288320] [ScrollSync] Realigned reference points: editor 134->120, preview 141->120
2026-10-10 21:39:46.756067+0200 MacDown 3000[32209:51288320] [ScrollSync] Realigned reference points: editor 134->120, preview 141->120
2026-10-10 21:39:47.204421+0200 MacDown 3000[32209:51288320] [ScrollSync] Realigned reference points: editor 134->120, preview 141->120
2026-10-10 21:39:47.656055+0200 MacDown 3000[32209:51288320] [ScrollSync] Realigned reference points: editor 134->120, preview 141->120
2026-10-10 21:39:48.117547+0200 MacDown 3000[32209:51288320] [ScrollSync] Realigned reference points: editor 134->120, preview 141->120
2026-10-10 21:39:48.591974+0200 MacDown 3000[32209:51288320] [ScrollSync] Realigned reference points: editor 134->120, preview 141->120
2026-10-10 21:39:49.041997+0200 MacDown 3000[32209:51288320] [ScrollSync] Realigned reference points: editor 134->120, preview 141->120
2026-10-10 21:39:49.491502+0200 MacDown 3000[32209:51288320] [ScrollSync] Realigned reference points: editor 134->120, preview 141->120
2026-10-10 21:39:49.960563+0200 MacDown 3000[32209:51288320] [ScrollSync] Realigned reference points: editor 134->120, preview 141->120
2026-10-10 21:39:50.426153+0200 MacDown 3000[32209:51288320] [ScrollSync] Realigned reference points: editor 134->120, preview 141->120
2026-10-10 21:39:50.881933+0200 MacDown 3000[32209:51288320] [ScrollSync] Realigned reference points: editor 134->120, preview 141->120
2026-10-10 21:39:51.335984+0200 MacDown 3000[32209:51288320] [ScrollSync] Realigned reference points: editor 134->120, preview 141->120
2026-10-10 21:39:51.786020+0200 MacDown 3000[32209:51288320] [ScrollSync] Realigned reference points: editor 134->120, preview 141->120
2026-10-10 21:39:52.233753+0200 MacDown 3000[32209:51288320] [ScrollSync] Realigned reference points: editor 134->120, preview 141->120
2026-10-10 21:39:52.682348+0200 MacDown 3000[32209:51288320] [ScrollSync] Realigned reference points: editor 134->120, preview 141->120
2026-10-10 21:39:53.140890+0200 MacDown 3000[32209:51288320] [ScrollSync] Realigned reference points: editor 134->120, preview 141->120
2026-10-10 21:39:53.599569+0200 MacDown 3000[32209:51288320] [ScrollSync] Realigned reference points: editor 134->120, preview 141->120
2026-10-10 21:39:54.055673+0200 MacDown 3000[32209:51288320] [ScrollSync] Realigned reference points: editor 134->120, preview 141->120
2026-10-10 21:39:54.508564+0200 MacDown 3000[32209:51288320] [ScrollSync] Realigned reference points: editor 134->120, preview 141->120
2026-10-10 21:39:54.959278+0200 MacDown 3000[32209:51288320] [ScrollSync] Realigned reference points: editor 134->120, preview 141->120
2026-10-10 21:39:55.435401+0200 MacDown 3000[32209:51288320] [ScrollSync] Realigned reference points: editor 134->120, preview 141->120
2026-10-10 21:39:55.906634+0200 MacDown 3000[32209:51288320] [ScrollSync] Realigned reference points: editor 134->120, preview 141->120
2026-10-10 21:39:56.375481+0200 MacDown 3000[32209:51288320] [ScrollSync] Realigned reference points: editor 134->120, preview 141->120
2026-10-10 21:39:56.843944+0200 MacDown 3000[32209:51288320] [ScrollSync] Realigned reference points: editor 134->120, preview 141->120
2026-10-10 21:39:57.303586+0200 MacDown 3000[32209:51288320] [ScrollSync] Realigned reference points: editor 134->120, preview 141->120
Test Case '-[MPFormattingScopeMenuTests testAllInlineSubsetsMapAcrossParserModesAndLightAndDarkThemes]' passed (63.749 seconds).
Test Case '-[MPFormattingScopeMenuTests testBlankPreviewPressClearsSelectionAndKeepsPanelClosed]' started.
Test Case '-[MPFormattingScopeMenuTests testBlankPreviewPressClearsSelectionAndKeepsPanelClosed]' passed (5.085 seconds).
Test Case '-[MPFormattingScopeMenuTests testForceTouchPreparationIsCancelledOnlyForMappedPreviewProse]' started.
Test Case '-[MPFormattingScopeMenuTests testForceTouchPreparationIsCancelledOnlyForMappedPreviewProse]' passed (0.329 seconds).
Test Case '-[MPFormattingScopeMenuTests testFreshPreviewPressClearsOnlyUnmodifiedSingleClickSelections]' started.
Test Case '-[MPFormattingScopeMenuTests testFreshPreviewPressClearsOnlyUnmodifiedSingleClickSelections]' passed (0.154 seconds).
Test Case '-[MPFormattingScopeMenuTests testHeadingAndContainerAreIndependentAndMixedBlocksKeepOnlyTheirCommonContainer]' started.
2026-10-10 21:40:04.961060+0200 MacDown 3000[32209:51288320] [ScrollSync] Realigned reference points: editor 5->4, preview 4->4
Test Case '-[MPFormattingScopeMenuTests testHeadingAndContainerAreIndependentAndMixedBlocksKeepOnlyTheirCommonContainer]' passed (0.045 seconds).
Test Case '-[MPFormattingScopeMenuTests testHoverMenuKeepsCompactGeometrySelectionAndExistingOptions]' started.
Test Case '-[MPFormattingScopeMenuTests testHoverMenuKeepsCompactGeometrySelectionAndExistingOptions]' passed (0.965 seconds).
Test Case '-[MPFormattingScopeMenuTests testInlineCodeAndEmphasisCanCoexistWhileFencedCodeKeepsStructuralMenus]' started.
2026-10-10 21:40:05.973961+0200 MacDown 3000[32209:51288320] [ScrollSync] Realigned reference points: editor 4->2, preview 2->2
2026-10-10 21:40:05.999240+0200 MacDown 3000[32209:51288320] [ScrollSync] Realigned reference points: editor 4->2, preview 2->2
2026-10-10 21:40:06.017684+0200 MacDown 3000[32209:51288320] [ScrollSync] Realigned reference points: editor 4->2, preview 2->2
Test Case '-[MPFormattingScopeMenuTests testInlineCodeAndEmphasisCanCoexistWhileFencedCodeKeepsStructuralMenus]' passed (0.100 seconds).
Test Case '-[MPFormattingScopeMenuTests testMixedPreviewSelectionWorksWithIntraWordEmphasisDisabledAndEnabled]' started.
Test Case '-[MPFormattingScopeMenuTests testMixedPreviewSelectionWorksWithIntraWordEmphasisDisabledAndEnabled]' passed (0.808 seconds).
Test Case '-[MPFormattingScopeMenuTests testMixedUnicodeMappingAcrossLineTypesContainersAndLineEndings]' started.
2026-10-10 21:40:06.916569+0200 MacDown 3000[32209:51288320] [ScrollSync] Realigned reference points: editor 4->3, preview 3->3
2026-10-10 21:40:06.948639+0200 MacDown 3000[32209:51288320] [ScrollSync] Realigned reference points: editor 4->3, preview 3->3
2026-10-10 21:40:06.964295+0200 MacDown 3000[32209:51288320] [ScrollSync] Realigned reference points: editor 4->3, preview 3->3
2026-10-10 21:40:06.993819+0200 MacDown 3000[32209:51288320] [ScrollSync] Realigned reference points: editor 4->3, preview 3->3
2026-10-10 21:40:07.049240+0200 MacDown 3000[32209:51288320] [ScrollSync] Realigned reference points: editor 5->3, preview 3->3
2026-10-10 21:40:07.077156+0200 MacDown 3000[32209:51288320] [ScrollSync] Realigned reference points: editor 5->3, preview 3->3
2026-10-10 21:40:07.091274+0200 MacDown 3000[32209:51288320] [ScrollSync] Realigned reference points: editor 5->3, preview 3->3
2026-10-10 21:40:07.124039+0200 MacDown 3000[32209:51288320] [ScrollSync] Realigned reference points: editor 5->3, preview 3->3
2026-10-10 21:40:07.178948+0200 MacDown 3000[32209:51288320] [ScrollSync] Realigned reference points: editor 5->3, preview 3->3
2026-10-10 21:40:07.210026+0200 MacDown 3000[32209:51288320] [ScrollSync] Realigned reference points: editor 5->3, preview 3->3
2026-10-10 21:40:07.221907+0200 MacDown 3000[32209:51288320] [ScrollSync] Realigned reference points: editor 5->3, preview 3->3
2026-10-10 21:40:07.246317+0200 MacDown 3000[32209:51288320] [ScrollSync] Realigned reference points: editor 5->3, preview 3->3
2026-10-10 21:40:07.308563+0200 MacDown 3000[32209:51288320] [ScrollSync] Realigned reference points: editor 4->3, preview 3->3
2026-10-10 21:40:07.338159+0200 MacDown 3000[32209:51288320] [ScrollSync] Realigned reference points: editor 4->3, preview 3->3
2026-10-10 21:40:07.352281+0200 MacDown 3000[32209:51288320] [ScrollSync] Realigned reference points: editor 4->3, preview 3->3
2026-10-10 21:40:07.383432+0200 MacDown 3000[32209:51288320] [ScrollSync] Realigned reference points: editor 4->3, preview 3->3
2026-10-10 21:40:07.438256+0200 MacDown 3000[32209:51288320] [ScrollSync] Realigned reference points: editor 4->3, preview 3->3
2026-10-10 21:40:07.466063+0200 MacDown 3000[32209:51288320] [ScrollSync] Realigned reference points: editor 4->3, preview 3->3
2026-10-10 21:40:07.482254+0200 MacDown 3000[32209:51288320] [ScrollSync] Realigned reference points: editor 4->3, preview 3->3
2026-10-10 21:40:07.510694+0200 MacDown 3000[32209:51288320] [ScrollSync] Realigned reference points: editor 4->3, preview 3->3
2026-10-10 21:40:07.570144+0200 MacDown 3000[32209:51288320] [ScrollSync] Realigned reference points: editor 4->3, preview 3->3
2026-10-10 21:40:07.598376+0200 MacDown 3000[32209:51288320] [ScrollSync] Realigned reference points: editor 4->3, preview 3->3
2026-10-10 21:40:07.613288+0200 MacDown 3000[32209:51288320] [ScrollSync] Realigned reference points: editor 4->3, preview 3->3
2026-10-10 21:40:07.642906+0200 MacDown 3000[32209:51288320] [ScrollSync] Realigned reference points: editor 4->3, preview 3->3
2026-10-10 21:40:07.702200+0200 MacDown 3000[32209:51288320] [ScrollSync] Realigned reference points: editor 4->3, preview 3->3
2026-10-10 21:40:07.729938+0200 MacDown 3000[32209:51288320] [ScrollSync] Realigned reference points: editor 4->3, preview 3->3
2026-10-10 21:40:07.745732+0200 MacDown 3000[32209:51288320] [ScrollSync] Realigned reference points: editor 4->3, preview 3->3
2026-10-10 21:40:07.774765+0200 MacDown 3000[32209:51288320] [ScrollSync] Realigned reference points: editor 4->3, preview 3->3
2026-10-10 21:40:07.788722+0200 MacDown 3000[32209:51288320] [ScrollSync] Realigned reference points: editor 1->1, preview 2->1
2026-10-10 21:40:07.814234+0200 MacDown 3000[32209:51288320] [ScrollSync] Realigned reference points: editor 1->1, preview 2->1
2026-10-10 21:40:07.832301+0200 MacDown 3000[32209:51288320] [ScrollSync] Realigned reference points: editor 3->2, preview 3->2
2026-10-10 21:40:07.860388+0200 MacDown 3000[32209:51288320] [ScrollSync] Realigned reference points: editor 3->2, preview 3->2
2026-10-10 21:40:07.876214+0200 MacDown 3000[32209:51288320] [ScrollSync] Realigned reference points: editor 3->2, preview 3->2
2026-10-10 21:40:07.904572+0200 MacDown 3000[32209:51288320] [ScrollSync] Realigned reference points: editor 3->2, preview 3->2
2026-10-10 21:40:07.963035+0200 MacDown 3000[32209:51288320] [ScrollSync] Realigned reference points: editor 4->3, preview 3->3
2026-10-10 21:40:07.990516+0200 MacDown 3000[32209:51288320] [ScrollSync] Realigned reference points: editor 4->3, preview 3->3
2026-10-10 21:40:08.005515+0200 MacDown 3000[32209:51288320] [ScrollSync] Realigned reference points: editor 4->3, preview 3->3
2026-10-10 21:40:08.033660+0200 MacDown 3000[32209:51288320] [ScrollSync] Realigned reference points: editor 4->3, preview 3->3
2026-10-10 21:40:08.091835+0200 MacDown 3000[32209:51288320] [ScrollSync] Realigned reference points: editor 4->3, preview 3->3
2026-10-10 21:40:08.121446+0200 MacDown 3000[32209:51288320] [ScrollSync] Realigned reference points: editor 4->3, preview 3->3
2026-10-10 21:40:08.135444+0200 MacDown 3000[32209:51288320] [ScrollSync] Realigned reference points: editor 4->3, preview 3->3
2026-10-10 21:40:08.163589+0200 MacDown 3000[32209:51288320] [ScrollSync] Realigned reference points: editor 4->3, preview 3->3
2026-10-10 21:40:08.178585+0200 MacDown 3000[32209:51288320] [ScrollSync] Realigned reference points: editor 1->1, preview 2->1
2026-10-10 21:40:08.205469+0200 MacDown 3000[32209:51288320] [ScrollSync] Realigned reference points: editor 1->1, preview 2->1
2026-10-10 21:40:08.222288+0200 MacDown 3000[32209:51288320] [ScrollSync] Realigned reference points: editor 3->2, preview 3->2
2026-10-10 21:40:08.250252+0200 MacDown 3000[32209:51288320] [ScrollSync] Realigned reference points: editor 3->2, preview 3->2
2026-10-10 21:40:08.265846+0200 MacDown 3000[32209:51288320] [ScrollSync] Realigned reference points: editor 3->2, preview 3->2
2026-10-10 21:40:08.296557+0200 MacDown 3000[32209:51288320] [ScrollSync] Realigned reference points: editor 3->2, preview 3->2
2026-10-10 21:40:08.309624+0200 MacDown 3000[32209:51288320] [ScrollSync] Realigned reference points: editor 1->1, preview 2->1
2026-10-10 21:40:08.337537+0200 MacDown 3000[32209:51288320] [ScrollSync] Realigned reference points: editor 1->1, preview 2->1
2026-10-10 21:40:08.353212+0200 MacDown 3000[32209:51288320] [ScrollSync] Realigned reference points: editor 3->2, preview 3->2
2026-10-10 21:40:08.383146+0200 MacDown 3000[32209:51288320] [ScrollSync] Realigned reference points: editor 3->2, preview 3->2
2026-10-10 21:40:08.395716+0200 MacDown 3000[32209:51288320] [ScrollSync] Realigned reference points: editor 3->2, preview 3->2
2026-10-10 21:40:08.427690+0200 MacDown 3000[32209:51288320] [ScrollSync] Realigned reference points: editor 3->2, preview 3->2
2026-10-10 21:40:08.438676+0200 MacDown 3000[32209:51288320] [ScrollSync] Realigned reference points: editor 1->1, preview 2->1
2026-10-10 21:40:08.465127+0200 MacDown 3000[32209:51288320] [ScrollSync] Realigned reference points: editor 1->1, preview 2->1
2026-10-10 21:40:08.482534+0200 MacDown 3000[32209:51288320] [ScrollSync] Realigned reference points: editor 3->2, preview 3->2
2026-10-10 21:40:08.510874+0200 MacDown 3000[32209:51288320] [ScrollSync] Realigned reference points: editor 3->2, preview 3->2
2026-10-10 21:40:08.526268+0200 MacDown 3000[32209:51288320] [ScrollSync] Realigned reference points: editor 3->2, preview 3->2
2026-10-10 21:40:08.555135+0200 MacDown 3000[32209:51288320] [ScrollSync] Realigned reference points: editor 3->2, preview 3->2
2026-10-10 21:40:08.571248+0200 MacDown 3000[32209:51288320] [ScrollSync] Realigned reference points: editor 1->1, preview 2->1
2026-10-10 21:40:08.597085+0200 MacDown 3000[32209:51288320] [ScrollSync] Realigned reference points: editor 1->1, preview 2->1
2026-10-10 21:40:08.613422+0200 MacDown 3000[32209:51288320] [ScrollSync] Realigned reference points: editor 3->2, preview 3->2
2026-10-10 21:40:08.641964+0200 MacDown 3000[32209:51288320] [ScrollSync] Realigned reference points: editor 3->2, preview 3->2
2026-10-10 21:40:08.657763+0200 MacDown 3000[32209:51288320] [ScrollSync] Realigned reference points: editor 3->2, preview 3->2
2026-10-10 21:40:08.688864+0200 MacDown 3000[32209:51288320] [ScrollSync] Realigned reference points: editor 3->2, preview 3->2
Test Case '-[MPFormattingScopeMenuTests testMixedUnicodeMappingAcrossLineTypesContainersAndLineEndings]' passed (1.855 seconds).
Test Case '-[MPFormattingScopeMenuTests testMultilineBoldBecomesIndependentStyledListItemsInRealPreview]' started.
Test Case '-[MPFormattingScopeMenuTests testMultilineBoldBecomesIndependentStyledListItemsInRealPreview]' passed (0.809 seconds).
Test Case '-[MPFormattingScopeMenuTests testNativeLinkActionPreservesHeadingContainerSelectionAndRejectsCancelOrUnsafeURLAtomically]' started.
2026-10-10 21:40:09.536800+0200 MacDown 3000[32209:51288320] [ScrollSync] Realigned reference points: editor 5->4, preview 4->4
2026-10-10 21:40:09.689419+0200 MacDown 3000[32209:51288320] [ScrollSync] Realigned reference points: editor 5->4, preview 4->4
Test Case '-[MPFormattingScopeMenuTests testNativeLinkActionPreservesHeadingContainerSelectionAndRejectsCancelOrUnsafeURLAtomically]' passed (0.198 seconds).
Test Case '-[MPFormattingScopeMenuTests testNewSelectionAlwaysReopensCompactToolbar]' started.
Test Case '-[MPFormattingScopeMenuTests testNewSelectionAlwaysReopensCompactToolbar]' passed (0.037 seconds).
Test Case '-[MPFormattingScopeMenuTests testPopoverCeilingAlsoAppliesOnInitialLoadWithRelativeFontZoom]' started.
Test Case '-[MPFormattingScopeMenuTests testPopoverCeilingAlsoAppliesOnInitialLoadWithRelativeFontZoom]' passed (0.084 seconds).
Test Case '-[MPFormattingScopeMenuTests testPreviewToolbarAndMenuHavePhysicalSizeCeilingAtHighZoom]' started.
2026-10-10 21:40:09.851620+0200 MacDown 3000[32209:51288320] [API] cannot add handler to 2 from 2 - dropping
2026-10-10 21:40:09.852357+0200 MacDown 3000[32209:51288320] [NSCGS] Warning: Invalid attempt to open a new transaction during CA commit. This is likely to break AppKit transactional behavior. Break on NSCGSTransactionCreatedDuringCommitError to debug.
Test Case '-[MPFormattingScopeMenuTests testPreviewToolbarAndMenuHavePhysicalSizeCeilingAtHighZoom]' passed (0.122 seconds).
Test Case '-[MPFormattingScopeMenuTests testRapidQueuedBlockAndInlineFormattingPreservesContainerSelectionAndDisclosure]' started.
2026-10-10 21:40:09.985998+0200 MacDown 3000[32209:51288320] [ScrollSync] Realigned reference points: editor 4->3, preview 3->3
2026-10-10 21:40:09.998765+0200 MacDown 3000[32209:51288320] [ScrollSync] Realigned reference points: editor 5->3, preview 3->3
2026-10-10 21:40:10.005866+0200 MacDown 3000[32209:51288320] [ScrollSync] Realigned reference points: editor 5->3, preview 3->3
Test Case '-[MPFormattingScopeMenuTests testRapidQueuedBlockAndInlineFormattingPreservesContainerSelectionAndDisclosure]' passed (0.061 seconds).
Test Case '-[MPFormattingScopeMenuTests testRemovingContainerViaItsMenuPreservesTitleBodyHeadingAndInlineStyle]' started.
2026-10-10 21:40:10.049991+0200 MacDown 3000[32209:51288320] [ScrollSync] Realigned reference points: editor 5->4, preview 4->4
Test Case '-[MPFormattingScopeMenuTests testRemovingContainerViaItsMenuPreservesTitleBodyHeadingAndInlineStyle]' passed (0.063 seconds).
Test Case '-[MPFormattingScopeMenuTests testSourceInlineActionsKeepTheChosenWordWithSelectionNotifications]' started.
2026-10-10 21:40:11.071139+0200 MacDown 3000[32209:51288320] [ScrollSync] Realigned reference points: editor 3->2, preview 2->2
2026-10-10 21:40:11.096634+0200 MacDown 3000[32209:51288320] [ScrollSync] Realigned reference points: editor 3->2, preview 2->2
2026-10-10 21:40:11.122536+0200 MacDown 3000[32209:51288320] [ScrollSync] Realigned reference points: editor 3->2, preview 2->2
2026-10-10 21:40:11.150146+0200 MacDown 3000[32209:51288320] [ScrollSync] Realigned reference points: editor 3->2, preview 2->2
2026-10-10 21:40:11.175788+0200 MacDown 3000[32209:51288320] [ScrollSync] Realigned reference points: editor 3->2, preview 2->2
2026-10-10 21:40:11.202551+0200 MacDown 3000[32209:51288320] [ScrollSync] Realigned reference points: editor 3->2, preview 2->2
2026-10-10 21:40:11.226707+0200 MacDown 3000[32209:51288320] [ScrollSync] Realigned reference points: editor 3->2, preview 2->2
2026-10-10 21:40:11.252832+0200 MacDown 3000[32209:51288320] [ScrollSync] Realigned reference points: editor 3->2, preview 2->2
2026-10-10 21:40:11.277668+0200 MacDown 3000[32209:51288320] [ScrollSync] Realigned reference points: editor 3->2, preview 2->2
2026-10-10 21:40:11.303678+0200 MacDown 3000[32209:51288320] [ScrollSync] Realigned reference points: editor 3->2, preview 2->2
2026-10-10 21:40:11.329009+0200 MacDown 3000[32209:51288320] [ScrollSync] Realigned reference points: editor 3->2, preview 2->2
2026-10-10 21:40:11.355667+0200 MacDown 3000[32209:51288320] [ScrollSync] Realigned reference points: editor 3->2, preview 2->2
2026-10-10 21:40:11.378139+0200 MacDown 3000[32209:51288320] [ScrollSync] Realigned reference points: editor 3->2, preview 2->2
2026-10-10 21:40:11.402968+0200 MacDown 3000[32209:51288320] [ScrollSync] Realigned reference points: editor 3->2, preview 2->2
Test Case '-[MPFormattingScopeMenuTests testSourceInlineActionsKeepTheChosenWordWithSelectionNotifications]' passed (1.358 seconds).
Test Case '-[MPFormattingScopeMenuTests testTextDropdownHasSeparatedScopesAndInlineIconsKeepTooltips]' started.
Test Case '-[MPFormattingScopeMenuTests testTextDropdownHasSeparatedScopesAndInlineIconsKeepTooltips]' passed (0.083 seconds).
Test Case '-[MPFormattingScopeMenuTests testWhitespaceMappingRejectsAttributeLookalikesAndAcceptsLiteralSeparators]' started.
Test Case '-[MPFormattingScopeMenuTests testWhitespaceMappingRejectsAttributeLookalikesAndAcceptsLiteralSeparators]' passed (0.190 seconds).
Test Suite 'MPFormattingScopeMenuTests' passed at 2026-10-10 21:40:11.714.
	 Executed 19 tests, with 0 failures (0 unexpected) in 76.098 (76.106) seconds
Test Suite 'MPPreviewZoomTests' started at 2026-10-10 21:40:11.714.
Test Case '-[MPPreviewZoomTests testActualSizeResets]' started.
Test Case '-[MPPreviewZoomTests testActualSizeResets]' passed (0.003 seconds).
Test Case '-[MPPreviewZoomTests testDefaultZoomLevelIsOne]' started.
Test Case '-[MPPreviewZoomTests testDefaultZoomLevelIsOne]' passed (0.001 seconds).
Test Case '-[MPPreviewZoomTests testSnapFromOffPresetDownRoundsDown]' started.
Test Case '-[MPPreviewZoomTests testSnapFromOffPresetDownRoundsDown]' passed (0.002 seconds).
Test Case '-[MPPreviewZoomTests testSnapFromOffPresetUpRoundsUp]' started.
Test Case '-[MPPreviewZoomTests testSnapFromOffPresetUpRoundsUp]' passed (0.003 seconds).
Test Case '-[MPPreviewZoomTests testStepDownAtMinIsClamped]' started.
Test Case '-[MPPreviewZoomTests testStepDownAtMinIsClamped]' passed (0.003 seconds).
Test Case '-[MPPreviewZoomTests testStepDownFromOneHundredGoesTo90]' started.
Test Case '-[MPPreviewZoomTests testStepDownFromOneHundredGoesTo90]' passed (0.003 seconds).
Test Case '-[MPPreviewZoomTests testStepUpAtMaxIsClamped]' started.
Test Case '-[MPPreviewZoomTests testStepUpAtMaxIsClamped]' passed (0.002 seconds).
Test Case '-[MPPreviewZoomTests testStepUpFromOneHundredGoesTo110]' started.
Test Case '-[MPPreviewZoomTests testStepUpFromOneHundredGoesTo110]' passed (0.002 seconds).
Test Suite 'MPPreviewZoomTests' passed at 2026-10-10 21:40:11.734.
	 Executed 8 tests, with 0 failures (0 unexpected) in 0.019 (0.020) seconds
Test Suite 'MPZoomTests' started at 2026-10-10 21:40:11.734.
Test Case '-[MPZoomTests testPreviewScaleAtDefaultZoomWhenPreferenceOffIsOne]' started.
Test Case '-[MPZoomTests testPreviewScaleAtDefaultZoomWhenPreferenceOffIsOne]' passed (0.001 seconds).
Test Case '-[MPZoomTests testPreviewScaleAtDefaultZoomWhenPreferenceOnMatchesFontRatio]' started.
Test Case '-[MPZoomTests testPreviewScaleAtDefaultZoomWhenPreferenceOnMatchesFontRatio]' passed (0.002 seconds).
Test Case '-[MPZoomTests testPreviewScaleCombinesFontRatioAndZoomWhenPreferenceOn]' started.
Test Case '-[MPZoomTests testPreviewScaleCombinesFontRatioAndZoomWhenPreferenceOn]' passed (0.005 seconds).
Test Case '-[MPZoomTests testPreviewScaleTracksZoomMultiplierWhenPreferenceOff]' started.
Test Case '-[MPZoomTests testPreviewScaleTracksZoomMultiplierWhenPreferenceOff]' passed (0.003 seconds).
Test Case '-[MPZoomTests testRapidZoomInOut]' started.
Test Case '-[MPZoomTests testRapidZoomInOut]' passed (0.020 seconds).
Test Case '-[MPZoomTests testResetZoomMenuValidationDisabledAtDefault]' started.
Test Case '-[MPZoomTests testResetZoomMenuValidationDisabledAtDefault]' passed (0.001 seconds).
Test Case '-[MPZoomTests testResetZoomMenuValidationEnabledWhenZoomed]' started.
Test Case '-[MPZoomTests testResetZoomMenuValidationEnabledWhenZoomed]' passed (0.002 seconds).
Test Case '-[MPZoomTests testResetZoomSetsMultiplierToOne]' started.
Test Case '-[MPZoomTests testResetZoomSetsMultiplierToOne]' passed (0.002 seconds).
Test Case '-[MPZoomTests testSetupEditorDoesNotCrashForLineSpacingChangeWhileZoomed]' started.
Test Case '-[MPZoomTests testSetupEditorDoesNotCrashForLineSpacingChangeWhileZoomed]' passed (0.003 seconds).
Test Case '-[MPZoomTests testSetupEditorDoesNotCrashForStyleChangeWhileZoomed]' started.
Test Case '-[MPZoomTests testSetupEditorDoesNotCrashForStyleChangeWhileZoomed]' passed (0.002 seconds).
Test Case '-[MPZoomTests testSetupEditorDoesNotCrashWhileZoomed]' started.
Test Case '-[MPZoomTests testSetupEditorDoesNotCrashWhileZoomed]' passed (0.002 seconds).
Test Case '-[MPZoomTests testSetupEditorPreservesZoomedFontSize]' started.
2026-10-10 21:40:11.778397+0200 MacDown 3000[32209:51288320] Skipping testSetupEditorPreservesZoomedFontSize - editor outlet is nil (headless)
Test Case '-[MPZoomTests testSetupEditorPreservesZoomedFontSize]' passed (0.001 seconds).
Test Case '-[MPZoomTests testTabStopsAtDefaultZoomMatchBaseFont]' started.
2026-10-10 21:40:11.779084+0200 MacDown 3000[32209:51288320] Skipping testTabStopsAtDefaultZoomMatchBaseFont - editor outlet is nil (headless)
Test Case '-[MPZoomTests testTabStopsAtDefaultZoomMatchBaseFont]' passed (0.001 seconds).
Test Case '-[MPZoomTests testTabStopsReflectZoomedFontSize]' started.
2026-10-10 21:40:11.779647+0200 MacDown 3000[32209:51288320] Skipping testTabStopsReflectZoomedFontSize - editor outlet is nil (headless)
Test Case '-[MPZoomTests testTabStopsReflectZoomedFontSize]' passed (0.000 seconds).
Test Case '-[MPZoomTests testZoomChangeInDocAPropagatesToDocB]' started.
Test Case '-[MPZoomTests testZoomChangeInDocAPropagatesToDocB]' passed (0.002 seconds).
Test Case '-[MPZoomTests testZoomedFontProducesDifferentTabWidth]' started.
Test Case '-[MPZoomTests testZoomedFontProducesDifferentTabWidth]' passed (0.000 seconds).
Test Case '-[MPZoomTests testZoomInAtMaxZoomIsNoOp]' started.
Test Case '-[MPZoomTests testZoomInAtMaxZoomIsNoOp]' passed (0.002 seconds).
Test Case '-[MPZoomTests testZoomInMenuValidationDisabledAtMaxZoom]' started.
Test Case '-[MPZoomTests testZoomInMenuValidationDisabledAtMaxZoom]' passed (0.002 seconds).
Test Case '-[MPZoomTests testZoomInMenuValidationEnabledAtDefault]' started.
Test Case '-[MPZoomTests testZoomInMenuValidationEnabledAtDefault]' passed (0.000 seconds).
Test Case '-[MPZoomTests testZoomInSnapsUpFromOffGridMultiplier]' started.
Test Case '-[MPZoomTests testZoomInSnapsUpFromOffGridMultiplier]' passed (0.003 seconds).
Test Case '-[MPZoomTests testZoomMultiplierDefaultsToOne]' started.
Test Case '-[MPZoomTests testZoomMultiplierDefaultsToOne]' passed (0.000 seconds).
Test Case '-[MPZoomTests testZoomOutAtMinZoomIsNoOp]' started.
Test Case '-[MPZoomTests testZoomOutAtMinZoomIsNoOp]' passed (0.002 seconds).
Test Case '-[MPZoomTests testZoomOutMenuValidationDisabledAtMinZoom]' started.
Test Case '-[MPZoomTests testZoomOutMenuValidationDisabledAtMinZoom]' passed (0.002 seconds).
Test Case '-[MPZoomTests testZoomOutMenuValidationEnabledAtDefault]' started.
Test Case '-[MPZoomTests testZoomOutMenuValidationEnabledAtDefault]' passed (0.000 seconds).
Test Case '-[MPZoomTests testZoomOutSnapsDownFromOffGridMultiplier]' started.
Test Case '-[MPZoomTests testZoomOutSnapsDownFromOffGridMultiplier]' passed (0.002 seconds).
Test Case '-[MPZoomTests testZoomThenPreferenceChangeThenZoomAgainSnapsToNextPreset]' started.
Test Case '-[MPZoomTests testZoomThenPreferenceChangeThenZoomAgainSnapsToNextPreset]' passed (0.003 seconds).
Test Suite 'MPZoomTests' passed at 2026-10-10 21:40:11.802.
	 Executed 26 tests, with 0 failures (0 unexpected) in 0.064 (0.068) seconds
Test Suite 'MacDownTests.xctest' passed at 2026-10-10 21:40:11.802.
	 Executed 53 tests, with 0 failures (0 unexpected) in 76.180 (76.194) seconds
Test Suite 'Selected tests' passed at 2026-10-10 21:40:11.802.
	 Executed 53 tests, with 0 failures (0 unexpected) in 76.180 (76.195) seconds
2026-10-10 21:40:11.805081+0200 MacDown 3000[32209:51288320] [NSCGS] Ignoring request to entangle context after pre-commit
2026-10-10 21:40:11.805098+0200 MacDown 3000[32209:51288320] [NSCGS] Ignoring request to entangle context after pre-commit
2026-10-10 21:40:11.805103+0200 MacDown 3000[32209:51288320] [NSCGS] Ignoring request to entangle context after pre-commit
2026-10-10 21:40:11.805124+0200 MacDown 3000[32209:51288320] [NSCGS] Entangling fence requested after pre-commit
2026-10-10 21:40:11.806014+0200 MacDown 3000[32209:51288320] [NSCGS] Ignoring request to entangle context after pre-commit
2026-10-10 21:40:11.806023+0200 MacDown 3000[32209:51288320] [NSCGS] Ignoring request to entangle context after pre-commit
2026-10-10 21:40:11.806027+0200 MacDown 3000[32209:51288320] [NSCGS] Ignoring request to entangle context after pre-commit
2026-10-10 21:40:11.806040+0200 MacDown 3000[32209:51288320] [NSCGS] Entangling fence requested after pre-commit
2026-10-10 21:40:11.806571+0200 MacDown 3000[32209:51288320] [API] cannot add handler to 2 from 2 - dropping
2026-10-10 21:40:11.806580+0200 MacDown 3000[32209:51288320] [NSCGS] Warning: Invalid attempt to open a new transaction during CA commit. This is likely to break AppKit transactional behavior. Break on NSCGSTransactionCreatedDuringCommitError to debug.
2026-10-10 21:40:12.099 xcodebuild[31931:51287095] [MT] IDETestOperationsObserverDebug: 77.854 elapsed -- Testing started completed.
2026-10-10 21:40:12.099 xcodebuild[31931:51287095] [MT] IDETestOperationsObserverDebug: 0.000 sec, +0.000 sec -- start
2026-10-10 21:40:12.099 xcodebuild[31931:51287095] [MT] IDETestOperationsObserverDebug: 77.854 sec, +77.854 sec -- end

Test session results, code coverage, and logs:
	/Users/zydon/Sites/MacDown/build/AuditCampaign03/Logs/Test/Test-MacDown-2026.10.10_21-38-50-+0200.xcresult

** TEST SUCCEEDED **

Testing started
RESTORED and preferences verified; vault retained privately
